base_patient,synthetic_id,trunc_section,trunc_set,a,a_ratio_vs_full,b,b_ratio_vs_full,Cs0,Cs0_ratio_vs_full,Cc0,Cc0_ratio_vs_full,beta,beta_ratio_vs_full
MIMIC_n441,MIMIC_n441_START_S1_B04,start,1,0.029612962899854395,1.0424015765666588,0.05470309703106961,1.196276129364446,70.50580049270398,0.8847607784453918,0.0010000000000300144,0.00011940392311839822,0.1641912951754184,0.46187709741920335
MIMIC_n441,MIMIC_n441_START_S2_B08,start,2,9.999999986400681,352.0085371647121,0.12756470540293577,2.7896521459519272,159.12593993241714,1.9968341540924561,0.7066393486792999,0.08437551045960563,0.6540904178046072,1.8399841678728397
MIMIC_n441,MIMIC_n441_MID_S1_B04,middle,1,0.025888102957347513,0.9112833264378188,0.05300141797813276,1.159062915828992,93.1904476681163,1.1694251032728757,9.348428632559083,1.116239053686414,0.3553023133812151,0.9994805207883679
MIMIC_n441,MIMIC_n441_MID_S2_B08,middle,2,0.02697177599481362,0.9494295425580235,0.05633011255409412,1.2318565615142776,98.09692523620538,1.23099534121403,9.2888740718515,1.1091280054985493,0.36433110114130757,1.0248788848087638
MIMIC_n441,MIMIC_n441_END_S1_B04,end,1,0.04081351794160761,1.436670676670877,0.02859737562070017,0.625382467798523,53.233666264682526,0.6680168110241733,6.026798635737983,0.7196234009301262,0.34831482880781317,0.9798244294616243
MIMIC_n441,MIMIC_n441_END_S2_B08,end,2,0.026252388334979254,0.9241064827443218,0.05358830403953858,1.1718972492400919,88.93025287611444,1.1159649165341885,9.268218636036453,1.1066616654285863,0.34642574850168606,0.9745103662059956
