base_patient,synthetic_id,trunc_section,trunc_set,removed_n,removed_start,removed_gap,removed_end,kept_n,loss,smape_full,rmsle_full,smape_sparse,rmsle_sparse
MIMIC_n441,MIMIC_n441_START_S1_B04,start,1,4,4,0,0,12,0.01439099162242334,26.480420553232385,0.249717453943367,8.746747000485998,0.10030532043768023
MIMIC_n441,MIMIC_n441_START_S2_B08,start,2,8,8,0,0,8,0.017625112399692947,77.48583952196941,0.6827012721219172,10.167674150356499,0.11193799793279541
MIMIC_n441,MIMIC_n441_MID_S1_B04,middle,1,4,0,4,0,12,0.01535124566240575,8.426091537549965,0.0946151910499421,8.99122604147994,0.10086456561422337
MIMIC_n441,MIMIC_n441_MID_S2_B08,middle,2,8,0,8,0,8,0.022617198452683444,8.517976950491752,0.09541297696953806,12.004259221411807,0.1223462090618289
MIMIC_n441,MIMIC_n441_END_S1_B04,end,1,4,0,0,4,12,0.0043632038161785704,8.295616668560527,0.09453111217970486,5.084499673940105,0.04787085028977016
MIMIC_n441,MIMIC_n441_END_S2_B08,end,2,8,0,0,8,8,0.003600202892661737,8.51173355114055,0.09594266671749326,4.6509305440916755,0.03870411854748155
