patient_id,patient_idx,param_idx,param_name,class_label,theta_hat,theta_hat_exp,threshold,left_endpoint,right_endpoint,retcode_left,retcode_right
n1191,36,1,a,Identifiable,-2.7761909933976394,0.06227526307732337,3.8414588206941245,-3.437715579987447,-1.0849809758496942,identifiable,identifiable
n1191,36,2,b,Incomplete,-0.8580571933299304,0.42398500356339597,3.8414588206941245,NaN,NaN,failure,failure
n1191,36,3,Cs0,Practically identifiable,2.9740280606105056,19.570592572964603,3.8414588206941245,NaN,3.6004106966935634,failure,identifiable
n1191,36,4,Cc0,Identifiable,0.9615452049961355,2.615735199388419,3.8414588206941245,-0.5583151970646718,1.6201252433223337,identifiable,identifiable
n1191,36,5,beta,Practically identifiable,-6.90775527733601,0.001000000001646127,3.8414588206941245,NaN,-4.162384983438903,nonidentifiable,identifiable
