patient_id,patient_idx,param_idx,param_name,class_label,theta_hat,theta_hat_exp,threshold,left_endpoint,right_endpoint,retcode_left,retcode_right
n240,13,1,a,Practically identifiable,1.6094379088082325,4.99999998187066,3.8414588206941245,-2.063302674069551,NaN,identifiable,nonidentifiable
n240,13,2,b,Identifiable,1.4072639784220087,4.084764098511232,3.8414588206941245,-1.3840097134611309,1.672130496890539,identifiable,identifiable
n240,13,3,Cs0,Practically identifiable,6.214608097384619,499.9999994812135,3.8414588206941245,3.4152078254559934,NaN,identifiable,nonidentifiable
n240,13,4,Cc0,Identifiable,-0.8548202443626213,0.4253596450046595,3.8414588206941245,-3.1758722029438617,0.6183889594842864,identifiable,identifiable
n240,13,5,beta,Identifiable,-0.512377765781947,0.5990694371600891,3.8414588206941245,-0.576579445598158,-0.5001177698133966,identifiable,identifiable
