patient_id,patient_idx,param_idx,param_name,class_label,theta_hat,theta_hat_exp,threshold,left_endpoint,right_endpoint,retcode_left,retcode_right
n598,39,1,a,Practically identifiable,-1.7533502384327506,0.17319273344616345,3.8414588206941245,-2.167723017450773,NaN,identifiable,failure
n598,39,2,b,Incomplete,-2.3318927446685733,0.09711176525320009,3.8414588206941245,NaN,NaN,failure,failure
n598,39,3,Cs0,Identifiable,4.498095702780799,89.8458750408682,3.8414588206941245,3.701839868500456,5.048868395800271,identifiable,identifiable
n598,39,4,Cc0,Identifiable,1.6814159254858372,5.373158579660596,3.8414588206941245,0.6616408448367268,1.9612671119580953,identifiable,identifiable
n598,39,5,beta,Identifiable,-2.9100022622983803,0.05447560662897382,3.8414588206941245,-3.4854683178953856,-2.5801234610764494,identifiable,identifiable
