patient_id,patient_idx,param_idx,param_name,class_label,theta_hat,theta_hat_exp,threshold,left_endpoint,right_endpoint,retcode_left,retcode_right
n1255,31,1,a,Practically identifiable,-2.4035396286255746,0.09039741305645774,3.8414588206941245,-3.4635534662825194,NaN,identifiable,nonidentifiable
n1255,31,2,b,Incomplete,-1.680751611420384,0.18623394786053765,3.8414588206941245,NaN,NaN,failure,failure
n1255,31,3,Cs0,Practically identifiable,4.6463328890492335,104.20216318631606,3.8414588206941245,3.719302874747221,NaN,identifiable,nonidentifiable
n1255,31,4,Cc0,Incomplete,0.32272044188404625,1.3808792609363054,3.8414588206941245,NaN,NaN,failure,failure
n1255,31,5,beta,Identifiable,-1.3623562733189147,0.25605672594691886,3.8414588206941245,-1.4191710965051023,-1.307592416665342,identifiable,identifiable
