base_patient,synthetic_id,trunc_section,trunc_set,removed_n,removed_start,removed_gap,removed_end,kept_n,loss,smape_full,rmsle_full,smape_sparse,rmsle_sparse
MIMIC_n1283,MIMIC_n1283_START_S1_B02,start,1,2,2,0,0,7,0.0003303500478724501,7.8161783696627785,0.108124134248198,1.563188119940313,0.013082136505780715
MIMIC_n1283,MIMIC_n1283_START_S2_B04,start,2,4,4,0,0,5,0.00012736164653127138,61.61037809188502,0.4145260012502801,1.0128554180280795,0.007913775447091416
MIMIC_n1283,MIMIC_n1283_MID_S1_B02,middle,1,2,0,2,0,7,0.0026171831649804927,4.2466870360689395,0.03589118608575464,3.713176048619904,0.029243698464783262
MIMIC_n1283,MIMIC_n1283_MID_S2_B04,middle,2,4,0,4,0,5,1.3243452154416542e-5,21.01224158807271,0.26037971144041,0.26030391664261177,0.002541901821515656
MIMIC_n1283,MIMIC_n1283_END_S1_B02,end,1,2,0,0,2,7,0.003087348743452442,5.1421181760098325,0.03835480554184482,4.495662358810348,0.03310635959807026
MIMIC_n1283,MIMIC_n1283_END_S2_B04,end,2,4,0,0,4,5,0.0033536904167076756,50.14102953600238,0.8096401831171146,4.582151359439687,0.0329409930817597
