base_patient,synthetic_id,trunc_section,trunc_set,a,b,Cs0,Cc0,beta,a_ratio_vs_full,b_ratio_vs_full,Cs0_ratio_vs_full,Cc0_ratio_vs_full,beta_ratio_vs_full
MIMIC_n766,MIMIC_n766_START_S1_B02,start,1,4.999999999882764,0.4007121395780273,39.14268822124861,33.7949237878552,0.09727764312500357,0.9999999999918794,2.399541116602716,2.2709069052696336,9.546785277729507,1.0267105234357685
MIMIC_n766,MIMIC_n766_START_S2_B04,start,2,0.037678564506566266,1.32301012063326,499.9999999999905,0.0010000000000130822,0.6105154952549932,0.00753571290142875,7.92243825077044,29.00806010606124,0.0002824916942492176,6.443645873424614
MIMIC_n766,MIMIC_n766_MID_S1_B02,middle,1,0.053795295827282714,0.10691381231761285,38.098783573379336,4.4133380898218,0.5956224680660118,0.010759059165621443,0.64022040574816,2.2103436077288547,1.246731354272056,6.286458391804677
MIMIC_n766,MIMIC_n766_MID_S2_B04,middle,2,0.054780797691270915,0.10945819825920534,38.86955512363665,4.442931042579149,0.6269613190968713,0.010956159538422104,0.6554566765778543,2.255060782644668,1.255091117634207,6.6172222457811
MIMIC_n766,MIMIC_n766_END_S1_B02,end,1,4.999999960276145,0.1648081487542899,19.105816904814613,3.5492492662348916,0.10847611174360659,0.9999999920705556,0.9869027918733416,1.1084453703005475,1.0026334385183702,1.1449040282096283
MIMIC_n766,MIMIC_n766_END_S2_B04,end,2,0.0654962846576001,0.1309327411113215,89.02357748022034,4.61118628152788,0.7105182509250666,0.013099256931720787,0.7840503562905845,5.164802572805761,1.3026218251505193,7.499118419023837
