dataset,UB
data/MIMIC-IV/NSTEMI_reorganized_skipped.xlsx,"2.302585092994046,2.302585092994046,6.214608098422191,6.214608098422191,6.214608098422191"
