Complexity,Loss,Equation
1,0.31517766326742924,"β"
2,0.16357210379723078,"0.34508617051846213"
4,0.016194936897289763,"t_norm * 0.10362589492264383"
7,0.016143738882862097,"(t_norm + -0.0330685489551223) * 0.1038846895703666"
9,0.01599782307917221,"0.1038846895703666 * (t_norm + (-0.051122641845024845 * β))"
11,0.013515419871351875,"inv(inv(t_norm * (t_norm * 0.0384024154296324)) + 0.761050348911729)"
16,0.012991583051625556,"inv((β + 2.412486837094387) + inv((t_norm * 0.010020441892068662) * t_norm)) * 3.765811110199496"
18,0.012799118167231829,"inv(((β * β) + inv((t_norm * 0.010162665301689683) * t_norm)) + 2.811188447866372) * 3.956505289746265"
