patient_id,patient_idx,param_idx,param_name,class_label,theta_hat,theta_hat_exp,threshold,left_endpoint,right_endpoint,retcode_left,retcode_right
n488,2,1,a,Practically identifiable,-1.1627302684630707,0.3126314468070368,3.8414588206941245,-1.7288429901629603,NaN,identifiable,nonidentifiable
n488,2,2,b,Identifiable,-4.054867845878328,0.017337771290009813,3.8414588206941245,-5.376396869795695,-3.380890024625753,identifiable,identifiable
n488,2,3,Cs0,Identifiable,2.046567369256215,7.7412824822454,3.8414588206941245,1.7788314817455788,2.416677366885465,identifiable,identifiable
n488,2,4,Cc0,Identifiable,0.2359177911809991,1.2660702237506611,3.8414588206941245,0.1241536654245004,0.3546080426882332,identifiable,identifiable
n488,2,5,beta,Identifiable,-3.7640942292642667,0.02318860628694805,3.8414588206941245,-5.111489913280314,-3.3331913471866343,identifiable,identifiable
