base_patient,synthetic_id,trunc_section,trunc_set,a,b,Cs0,Cc0,beta,a_ratio_vs_full,b_ratio_vs_full,Cs0_ratio_vs_full,Cc0_ratio_vs_full,beta_ratio_vs_full
MIMIC_n1250,MIMIC_n1250_START_S1_B01,start,1,1.6812377180603246,0.7027505287929658,36.81297987190932,0.0010914135952528742,0.12283809704772455,3.5978635575269684,2.2669733392375817,2.1751983836839477,1.0914135949608794,1.0550523952236388
MIMIC_n1250,MIMIC_n1250_START_S2_B02,start,2,0.23955001808770165,0.10934649461335509,7.380349704804951,0.0010014081131766949,0.11352814159436327,0.5126391533001183,0.35273625258358254,0.43608870579814313,1.00140811290878,0.9750894925365514
MIMIC_n1250,MIMIC_n1250_MID_S1_B01,middle,1,0.44249744097923477,0.3296677116827199,17.67114929234041,0.0010000000004262335,0.10800755685331886,0.946948429776428,1.0634611893865407,1.0441495231378284,1.0000000001586953,0.9276733708767454
MIMIC_n1250,MIMIC_n1250_MID_S2_B02,middle,2,0.5988055186578344,0.30846468410604194,16.259282286446453,0.0010000000001088368,0.09806115993108581,1.2814490957951221,0.9950632355493421,0.9607253928478307,0.9999999998412986,0.8422440932433582
MIMIC_n1250,MIMIC_n1250_END_S1_B01,end,1,0.029355906138149843,0.056200090863986585,12.244283681567174,1.2325210271578007,0.36753906559009514,0.06282189827057036,0.18129350663060279,0.7234879155717551,1232.5210268280541,3.1567810053132948
MIMIC_n1250,MIMIC_n1250_END_S2_B02,end,2,0.32073518479956986,0.41559281806780474,21.84424081775125,0.0010000000033198344,0.11527121324951004,0.6863761267135958,1.34064337191824,1.290728364965447,1.0000000030522962,0.9900606779343074
