base_patient,synthetic_id,trunc_section,trunc_set,a,a_ratio_vs_full,b,b_ratio_vs_full,Cs0,Cs0_ratio_vs_full,Cc0,Cc0_ratio_vs_full,Td,Td_ratio_vs_full
MIMIC_n1250,MIMIC_n1250_START_S1_B01,start,1,9.999999959815142,333.8919247266448,0.06314188160076481,0.9796580988419998,2.4104391642713994,0.5728203408542519,0.9912872817917816,0.7731648218734932,158.3782930164991,1.0856261935223093
MIMIC_n1250,MIMIC_n1250_START_S2_B03,start,2,0.10749975197159994,3.5893299237671146,0.23635242552470925,3.6670520734597085,7.74878887965187,1.8414336910226443,6.867595372371225,5.356452413251012,167.11616091213065,1.1455211329256973
MIMIC_n1250,MIMIC_n1250_MID_S1_B01,middle,1,0.031470268241136516,1.050766847692179,0.06759878750482047,1.0488078272630161,4.011317751394672,0.9532555045101708,1.261007939155023,0.9835362528767362,128.44599348562795,0.8804510537720402
MIMIC_n1250,MIMIC_n1250_MID_S2_B03,middle,2,0.462233922485623,15.433617467286911,0.005021899537674088,0.0779157102849739,1.1872594994566317,0.282142109720809,0.4005975047404336,0.3124501888451153,51.84600031961433,0.35538567125783954
MIMIC_n1250,MIMIC_n1250_END_S1_B01,end,1,0.0294640745868575,0.9837816613628397,0.061777539198278775,0.9584900713726885,4.779172863631914,1.135729733122934,1.2751351213126887,0.9945548954812926,160.56164587006236,1.1005922914791992
MIMIC_n1250,MIMIC_n1250_END_S2_B03,end,2,0.030091440537472706,1.0047289039229033,0.061104856421890466,0.9480532723237297,2.0503718071540535,0.487253399654642,1.2476248984487632,0.9730980111340619,96.05101291516549,0.658395121888265
