base_patient,synthetic_id,trunc_section,trunc_set,removed_n,removed_start,removed_gap,removed_end,kept_n,loss,smape_full,rmsle_full,smape_sparse,rmsle_sparse
MIMIC_n1250,MIMIC_n1250_START_S1_B01,start,1,1,1,0,0,7,0.005072988246999977,12.29298876253655,0.050155920275069335,5.532644656883255,0.019265155394381245
MIMIC_n1250,MIMIC_n1250_START_S2_B03,start,2,3,3,0,0,5,0.00545021765914426,39.17324299498394,0.23725406078304198,5.840421592459481,0.021182639453175583
MIMIC_n1250,MIMIC_n1250_MID_S1_B01,middle,1,1,0,1,0,7,0.0033908234728772216,7.020455657223828,0.02319056803531346,5.098044057897754,0.014166477566229779
MIMIC_n1250,MIMIC_n1250_MID_S2_B03,middle,2,3,0,3,0,5,9.668148047901642e-6,16.973094018019307,0.07544703815630763,0.2274695257121434,0.0010235741713311383
MIMIC_n1250,MIMIC_n1250_END_S1_B01,end,1,1,0,0,1,7,0.006231362376214718,7.6721518646590745,0.02389835930144204,7.135796500979332,0.020985639952445814
MIMIC_n1250,MIMIC_n1250_END_S2_B03,end,2,3,0,0,3,5,0.0030660423107251355,17.864491363600987,0.07188088122942135,4.235799712818664,0.011392387731544064
