base_patient,synthetic_id,trunc_section,trunc_set,a,b,Cs0,Cc0,beta,a_ratio_vs_full,b_ratio_vs_full,Cs0_ratio_vs_full,Cc0_ratio_vs_full,beta_ratio_vs_full
MIMIC_n606,MIMIC_n606_START_S1_B03,start,1,9.999999999987478,0.25374759675726516,499.99999999999585,0.0010000000000620537,0.6826416533488578,3.6132828409810682,0.7608094008727216,1.000000000000477,0.9999999999721957,1.0041251917993954
MIMIC_n606,MIMIC_n606_START_S2_B06,start,2,9.999999991748679,0.23982283981905492,499.99999999721626,273.0987987088759,0.6832216308052682,3.6132828380041566,0.7190589129120719,0.9999999999949177,273098.7986843358,1.0049783040755076
MIMIC_n606,MIMIC_n606_MID_S1_B03,middle,1,9.99999999480204,0.5030324326941853,499.9999999962069,0.02897727818217464,0.6784645001496794,3.613282839107423,1.5082381414777013,0.999999999992899,28.977278179570796,0.9979808483701248
MIMIC_n606,MIMIC_n606_MID_S2_B06,middle,2,9.999999999766446,0.00987673732264786,65.83389862813536,0.08356669309015587,0.4134506674973147,3.613282840901203,0.029613342948068028,0.1316677972563346,83.56669308264672,0.6081612933574789
MIMIC_n606,MIMIC_n606_END_S1_B03,end,1,1.1116953075344855,0.05156297102218907,8.269037929704341,0.17745146938006084,0.3742568630273961,0.40168695791185577,0.15460084584815276,0.016538075859416707,177.4514693641154,0.5505095426363832
MIMIC_n606,MIMIC_n606_END_S2_B06,end,2,0.2524150755085909,0.11365270621623029,11.648076577049208,0.2661454819246169,0.36000709049488827,0.09120470611412741,0.3407640049755778,0.02329615315410972,266.1454819007016,0.5295489764196746
