patient_id,patient_idx,param_idx,param_name,class_label,theta_hat,theta_hat_exp,threshold,left_endpoint,right_endpoint,retcode_left,retcode_right
n1341,27,1,a,Practically identifiable,-0.8874325618096383,0.4117114406418544,3.8414588206941245,NaN,-0.4097727629228108,failure,identifiable
n1341,27,2,b,Practically identifiable,-1.5188413165123489,0.21896545167644027,3.8414588206941245,-2.051807860002375,NaN,identifiable,failure
n1341,27,3,Cs0,Practically identifiable,4.775505126235684,118.57019241148575,3.8414588206941245,4.27320833813,NaN,identifiable,nonidentifiable
n1341,27,4,Cc0,Unidentifiable,-0.007891128312072912,0.9921399249056191,3.8414588206941245,NaN,NaN,failure,failure
n1341,27,5,beta,Identifiable,-1.3876451381732147,0.2496625337088419,3.8414588206941245,-1.4148392576048037,-1.364558542346266,identifiable,identifiable
