patient_id,patient_idx,param_idx,param_name,class_label,theta_hat,theta_hat_exp,threshold,left_endpoint,right_endpoint,retcode_left,retcode_right
n253,53,1,a,Unidentifiable,1.608624216381473,4.995933174541162,3.8414588206941245,NaN,NaN,failure,nonidentifiable
n253,53,2,b,Identifiable,-2.7610867663865517,0.06322302235543144,3.8414588206941245,-3.0632776996998783,-2.43994401132877,identifiable,identifiable
n253,53,3,Cs0,Identifiable,3.0961171519666637,22.111927127401692,3.8414588206941245,2.8121037858568476,3.4087775948753984,identifiable,identifiable
n253,53,4,Cc0,Identifiable,0.8133480060279689,2.25544660880055,3.8414588206941245,0.733784365517231,1.0147388847203722,identifiable,identifiable
n253,53,5,beta,Identifiable,-1.9580479161123916,0.14113365692944566,3.8414588206941245,-2.085575932903668,-1.8785514865648456,identifiable,identifiable
