patient_id,patient_idx,param_idx,param_name,class_label,theta_hat,theta_hat_exp,threshold,left_endpoint,right_endpoint,retcode_left,retcode_right
n1001,6,1,a,Unidentifiable,0.086556660527633,1.0904131493518532,3.8414588206941245,NaN,NaN,failure,failure
n1001,6,2,b,Practically identifiable,-6.907755278982136,0.001000000000000001,3.8414588206941245,NaN,-4.192742556341327,nonidentifiable,identifiable
n1001,6,3,Cs0,Identifiable,1.3440494414075674,3.8345398528741783,3.8414588206941245,1.1915536867120347,1.6106312388352788,identifiable,identifiable
n1001,6,4,Cc0,Identifiable,-3.2000661022525816,0.04075950959391648,3.8414588206941245,-3.4264086695081732,-2.9307038310508657,identifiable,identifiable
n1001,6,5,beta,Identifiable,-1.0134017416461492,0.3629821056558945,3.8414588206941245,-1.059378402673076,-0.939518660000537,identifiable,identifiable
