patient_id,patient_idx,param_idx,param_name,class_label,theta_hat,theta_hat_exp,threshold,left_endpoint,right_endpoint,retcode_left,retcode_right
n1000,41,1,a,Identifiable,-2.178454973718429,0.11321631776678069,3.8414588206941245,-3.054388269931447,-0.8866430950901701,identifiable,identifiable
n1000,41,2,b,Practically identifiable,-1.6202159391910496,0.19785596961227458,3.8414588206941245,-2.609340370323537,NaN,identifiable,failure
n1000,41,3,Cs0,Unidentifiable,1.9924220720941104,7.33327398786876,3.8414588206941245,NaN,NaN,failure,failure
n1000,41,4,Cc0,Practically identifiable,0.24771176617897575,1.281090625327197,3.8414588206941245,-0.36027328628732186,NaN,identifiable,failure
n1000,41,5,beta,Practically identifiable,-3.32267691676757,0.03605618305051085,3.8414588206941245,-5.145116449230975,NaN,identifiable,failure
