patient_id,patient_idx,param_idx,param_name,class_label,theta_hat,theta_hat_exp,threshold,left_endpoint,right_endpoint,retcode_left,retcode_right
n606,15,1,a,Unidentifiable,1.017968196229538,2.7675658966999515,3.8414588206941245,NaN,NaN,failure,failure
n606,15,2,b,Unidentifiable,-1.0980430323847061,0.333523139446837,3.8414588206941245,NaN,NaN,failure,failure
n606,15,3,Cs0,Unidentifiable,6.214608098422069,499.99999999993855,3.8414588206941245,NaN,NaN,failure,nonidentifiable
n606,15,4,Cc0,Unidentifiable,-6.907755278960714,0.0010000000000214232,3.8414588206941245,NaN,NaN,nonidentifiable,failure
n606,15,5,beta,Practically identifiable,-0.385902276935745,0.6798369581850219,3.8414588206941245,NaN,-0.3551654003878656,failure,identifiable
