patient_id,patient_idx,param_idx,param_name,class_label,theta_hat,theta_hat_exp,threshold,left_endpoint,right_endpoint,retcode_left,retcode_right
n1191,36,1,a,Unidentifiable,-2.7761909933976394,0.06227526307732337,3.8414588206941245,NaN,NaN,failure,failure
n1191,36,2,b,Unidentifiable,-0.8580571933299304,0.42398500356339597,3.8414588206941245,NaN,NaN,failure,failure
n1191,36,3,Cs0,Unidentifiable,2.9740280606105056,19.570592572964603,3.8414588206941245,NaN,NaN,failure,failure
n1191,36,4,Cc0,Practically identifiable,0.9615452049961355,2.615735199388419,3.8414588206941245,NaN,1.6200859894090174,failure,identifiable
n1191,36,5,beta,Practically identifiable,-6.90775527733601,0.001000000001646127,3.8414588206941245,NaN,-4.158564671714716,nonidentifiable,identifiable
