patient_id,patient_idx,param_idx,param_name,class_label,theta_hat,theta_hat_exp,threshold,left_endpoint,right_endpoint,retcode_left,retcode_right
n724,40,1,a,Identifiable,0.5398052923194331,1.715672774994612,3.8414588206941245,0.35411296830283895,0.8083923075475297,identifiable,identifiable
n724,40,2,b,Practically identifiable,-4.556547444585234,0.010498242208102268,3.8414588206941245,NaN,-3.656581054394231,failure,identifiable
n724,40,3,Cs0,Identifiable,1.392033076994365,4.023020855393527,3.8414588206941245,0.8479329657357711,1.8804935689121265,identifiable,identifiable
n724,40,4,Cc0,Identifiable,0.9464039951048484,2.5764281329324703,3.8414588206941245,0.9112098758949726,0.9828501239627343,identifiable,identifiable
n724,40,5,beta,Identifiable,-2.900083305513443,0.05501863650972915,3.8414588206941245,-3.881698209508228,-2.306280408273132,identifiable,identifiable
