base_patient,synthetic_id,trunc_section,trunc_set,removed_n,removed_start,removed_gap,removed_end,kept_n,loss,smape_full,rmsle_full,smape_sparse,rmsle_sparse
MIMIC_n766,MIMIC_n766_START_S1_B02,start,1,2,2,0,0,8,0.010762402180854395,12.81237875163602,0.0854891323158145,9.479824039717377,0.0412060909597961
MIMIC_n766,MIMIC_n766_START_S2_B04,start,2,4,4,0,0,6,0.00013356112446176726,77.59277241539777,0.36369812503065185,0.9907629050761547,0.00526069578126381
MIMIC_n766,MIMIC_n766_MID_S1_B02,middle,1,2,0,2,0,8,0.007686687603322772,12.875635347599976,0.08686789942699412,5.610595110623427,0.04167062110671047
MIMIC_n766,MIMIC_n766_MID_S2_B04,middle,2,4,0,4,0,6,0.01019888524283666,13.972589110858538,0.09336769252896904,7.017435381222183,0.04801067409419611
MIMIC_n766,MIMIC_n766_END_S1_B02,end,1,2,0,0,2,8,0.014531976962305916,14.906910181418825,0.0811856105441744,11.481235924388452,0.05220473230127457
MIMIC_n766,MIMIC_n766_END_S2_B04,end,2,4,0,0,4,6,0.012091892178935804,36.390607829923724,0.3321849031402388,9.331463068679687,0.050476954237906664
