patient_id,patient_idx,param_idx,param_name,class_label,theta_hat,theta_hat_exp,threshold,left_endpoint,right_endpoint,retcode_left,retcode_right
n62,13,1,a,Identifiable,-1.3465696620825047,0.2601310693556454,3.8414588206941245,-1.8192008837254874,-0.8320627752991033,identifiable,identifiable
n62,13,2,b,Practically identifiable,-6.9077551789821365,0.0010000001000000055,3.8414588206941245,NaN,-4.112500579167522,nonidentifiable,identifiable
n62,13,3,Cs0,Identifiable,0.5799749592625116,1.7859937075905377,3.8414588206941245,0.28936322193304687,1.243844431400792,identifiable,identifiable
n62,13,4,Cc0,Identifiable,0.4363893842352858,1.5471110981498981,3.8414588206941245,-0.02921877540549108,0.6600569275467416,identifiable,identifiable
n62,13,5,Td,Practically identifiable,5.420718477296547,226.04146983776866,3.8414588206941245,3.2330880186999513,NaN,identifiable,nonidentifiable
