patient_id,patient_idx,param_idx,param_name,class_label,theta_hat,theta_hat_exp,threshold,left_endpoint,right_endpoint,retcode_left,retcode_right
n96,36,1,a,Practically identifiable,2.302584992994046,9.999999000000054,3.8414588206941245,-0.40009297523804543,NaN,identifiable,nonidentifiable
n96,36,2,b,Practically identifiable,-6.9077551789821365,0.0010000001000000055,3.8414588206941245,NaN,-5.076605565722283,nonidentifiable,identifiable
n96,36,3,Cs0,Identifiable,-0.22957310833273442,0.7948728546844178,3.8414588206941245,-0.6822434423625344,-0.07686547316485456,identifiable,identifiable
n96,36,4,Cc0,Identifiable,-1.673004875249612,0.1876822557070743,3.8414588206941245,-1.7949110082033277,-0.8038376942689576,identifiable,identifiable
n96,36,5,Td,Identifiable,2.584393021977575,13.25524100773697,3.8414588206941245,2.354393223948563,2.7079490450930352,identifiable,identifiable
