patient_id,patient_idx,param_idx,param_name,class_label,theta_hat,theta_hat_exp,threshold,left_endpoint,right_endpoint,retcode_left,retcode_right
n85,29,1,a,Practically identifiable,-3.2074851575665213,0.040458231518942345,3.8414588206941245,NaN,-1.0443585812126395,nonidentifiable,identifiable
n85,29,2,b,Identifiable,-1.2359120562725079,0.29056962562676397,3.8414588206941245,-4.857503281851516,-0.39990033005156556,identifiable,identifiable
n85,29,3,Cs0,Practically identifiable,0.6916787078344119,1.997065209905922,3.8414588206941245,NaN,1.6596138639614246,nonidentifiable,identifiable
n85,29,4,Cc0,Practically identifiable,0.6726357473733503,1.9593949906924295,3.8414588206941245,NaN,4.780011516091147,failure,identifiable
n85,29,5,Td,Identifiable,4.66902131286804,106.59336980732648,3.8414588206941245,1.5361272836563789,5.592872494577412,identifiable,identifiable
