patient_id,patient_idx,param_idx,param_name,class_label,theta_hat,theta_hat_exp,threshold,left_endpoint,right_endpoint,retcode_left,retcode_right
n110,45,1,a,Practically identifiable,2.302584992994046,9.999999000000054,3.8414588206941245,2.013499861629498,NaN,identifiable,nonidentifiable
n110,45,2,b,Identifiable,-4.500371422774203,0.01110487117010473,3.8414588206941245,-5.101565339349353,-4.151565596978858,identifiable,identifiable
n110,45,3,Cs0,Identifiable,-3.1218496191127034,0.04407556996331616,3.8414588206941245,-3.33928370600614,-2.8837299538493015,identifiable,identifiable
n110,45,4,Cc0,Identifiable,-3.708651818696197,0.024510545665976456,3.8414588206941245,-3.8009940421437,-3.5737075676004655,identifiable,identifiable
n110,45,5,Td,Practically identifiable,5.926944899053764,375.007077473044,3.8414588206941245,5.687463297795449,NaN,identifiable,nonidentifiable
