patient_id,patient_idx,param_idx,param_name,class_label,theta_hat,theta_hat_exp,threshold,left_endpoint,right_endpoint,retcode_left,retcode_right
n75,23,1,a,Identifiable,-1.0114763942281242,0.36368164552835464,3.8414588206941245,-1.6986082371470659,-0.4764333636781314,identifiable,identifiable
n75,23,2,b,Identifiable,-2.5791038097492733,0.075841942384811,3.8414588206941245,-3.2133418486649377,-1.8638455103856766,identifiable,identifiable
n75,23,3,Cs0,Identifiable,1.977562454891565,7.225109971789356,3.8414588206941245,1.1937925397612539,2.712929825231557,identifiable,identifiable
n75,23,4,Cc0,Identifiable,2.0776168982410304,7.9854161616881925,3.8414588206941245,1.748256873426583,2.690725492870193,identifiable,identifiable
n75,23,5,Td,Identifiable,5.0010918868297285,148.5752979789022,3.8414588206941245,4.409591657915192,5.607610968151581,identifiable,identifiable
