patient_id,patient_idx,param_idx,param_name,class_label,theta_hat,theta_hat_exp,threshold,left_endpoint,right_endpoint,retcode_left,retcode_right
n68,17,1,a,Practically identifiable,2.302584992994046,9.999999000000054,3.8414588206941245,1.7900105848030334,NaN,identifiable,nonidentifiable
n68,17,2,b,Identifiable,-3.493697764978601,0.03038829538381312,3.8414588206941245,-3.9258486463730407,-3.2187045105300807,identifiable,identifiable
n68,17,3,Cs0,Identifiable,-0.6657678764712767,0.5138787807427548,3.8414588206941245,-0.9446558082198153,-0.41814298873103223,identifiable,identifiable
n68,17,4,Cc0,Identifiable,-1.1181771857173122,0.3268750844794287,3.8414588206941245,-1.1916480560020615,-1.0071298398989792,identifiable,identifiable
n68,17,5,Td,Identifiable,4.9187629649445,136.8332409325686,3.8414588206941245,4.640094955972873,5.23089309054925,identifiable,identifiable
