patient_id,patient_idx,param_idx,param_name,class_label,theta_hat,theta_hat_exp,threshold,left_endpoint,right_endpoint,retcode_left,retcode_right
n91,32,1,a,Identifiable,0.5869089603950746,1.7984208250132,3.8414588206941245,0.40866296780196815,0.7690086479841968,identifiable,identifiable
n91,32,2,b,Identifiable,-3.1024886424284226,0.04493723042400176,3.8414588206941245,-3.5421999837865434,-2.8561004466855864,identifiable,identifiable
n91,32,3,Cs0,Identifiable,0.8525206587051569,2.345551742110213,3.8414588206941245,0.4815886829914889,1.1535052341065706,identifiable,identifiable
n91,32,4,Cc0,Identifiable,0.3929977783687261,1.4814150981674967,3.8414588206941245,0.2578417093382045,0.5306351310646638,identifiable,identifiable
n91,32,5,Td,Identifiable,4.5138615367144235,91.27359521305073,3.8414588206941245,4.218084143410857,4.76901625169288,identifiable,identifiable
