patient_id,patient_idx,param_idx,param_name,class_label,theta_hat,theta_hat_exp,threshold,left_endpoint,right_endpoint,retcode_left,retcode_right
n72,21,1,a,Practically identifiable,1.94141329440514,6.968592687434326,3.8414588206941245,1.4932547555208504,NaN,identifiable,nonidentifiable
n72,21,2,b,Practically identifiable,-2.89562921781622,0.055264240907445,3.8414588206941245,NaN,-2.8531863017636665,failure,identifiable
n72,21,3,Cs0,Identifiable,1.6507440257499524,5.210855395833406,3.8414588206941245,1.498825482176597,1.742417683316188,identifiable,identifiable
n72,21,4,Cc0,Identifiable,1.4099393930342528,4.095707168164788,3.8414588206941245,1.2337588294965196,1.531461677087923,identifiable,identifiable
n72,21,5,Td,Identifiable,2.4856650500401063,12.00910425492351,3.8414588206941245,1.881478296198777,2.7326809651263857,identifiable,identifiable
