patient_id,patient_idx,param_idx,param_name,class_label,theta_hat,theta_hat_exp,threshold,left_endpoint,right_endpoint,retcode_left,retcode_right
n93,34,1,a,Identifiable,-2.2679399646037246,0.10352522619686266,3.8414588206941245,-2.6043373885703627,-1.6620006296593681,identifiable,identifiable
n93,34,2,b,Identifiable,-1.8418032857278823,0.1585312909783187,3.8414588206941245,-2.238241076117557,-1.2696099907523852,identifiable,identifiable
n93,34,3,Cs0,Identifiable,3.4933632353408797,32.89640019899139,3.8414588206941245,3.043950710139196,4.11811033121429,identifiable,identifiable
n93,34,4,Cc0,Identifiable,2.4681244286016395,11.800293789791487,3.8414588206941245,2.070525769779976,3.027128301363772,identifiable,identifiable
n93,34,5,Td,Identifiable,4.878500046163999,131.43337196797373,3.8414588206941245,4.5370213544513,5.029769923996289,identifiable,identifiable
