patient_id,patient_idx,param_idx,param_name,class_label,theta_hat,theta_hat_exp,threshold,left_endpoint,right_endpoint,retcode_left,retcode_right
n92,33,1,a,Practically identifiable,2.302584992994046,9.999999000000054,3.8414588206941245,1.959067327368424,NaN,identifiable,nonidentifiable
n92,33,2,b,Identifiable,-3.5310260189878973,0.02927486388651011,3.8414588206941245,-4.025139493808169,-3.2121810849408656,identifiable,identifiable
n92,33,3,Cs0,Identifiable,0.9788660807266203,2.6614366759391928,3.8414588206941245,0.569393497390963,1.3088191695324263,identifiable,identifiable
n92,33,4,Cc0,Identifiable,0.4976605844954061,1.6448687346949638,3.8414588206941245,0.2688591263132627,0.7476157936540858,identifiable,identifiable
n92,33,5,Td,Identifiable,3.155292337802215,23.459894303011836,3.8414588206941245,2.3267695151128147,3.8181465643847328,identifiable,identifiable
