patient_id,patient_idx,param_idx,param_name,class_label,theta_hat,theta_hat_exp,threshold,left_endpoint,right_endpoint,retcode_left,retcode_right
n105,42,1,a,Practically identifiable,2.302584992994046,9.999999000000054,3.8414588206941245,1.6915444410190754,NaN,identifiable,nonidentifiable
n105,42,2,b,Identifiable,-3.3298161046733066,0.0357996878576587,3.8414588206941245,-3.5780368049532156,-3.1680565101676224,identifiable,identifiable
n105,42,3,Cs0,Identifiable,-2.049656989515119,0.12877906858360028,3.8414588206941245,-2.342528678256515,-1.8285009969625587,identifiable,identifiable
n105,42,4,Cc0,Identifiable,-2.1778902725057545,0.11328026921374851,3.8414588206941245,-2.2550049531588026,-2.083969680261652,identifiable,identifiable
n105,42,5,Td,Identifiable,3.863742514396241,47.64332395442616,3.8414588206941245,3.5158077621656885,4.106650164581323,identifiable,identifiable
