base_patient,synthetic_id,trunc_section,trunc_set,removed_n,removed_start,removed_gap,removed_end,kept_n,loss,smape_full,rmsle_full,smape_sparse,rmsle_sparse
MIMIC_n766,MIMIC_n766_START_S1_B02,start,1,2,2,0,0,8,0.01076237553309486,12.797107197922362,0.08543929171206713,9.464620914164563,0.04114916074395502
MIMIC_n766,MIMIC_n766_START_S2_B04,start,2,4,4,0,0,6,0.00013356112446176726,77.59277241539777,0.36369812503065185,0.9907629050761547,0.00526069578126381
MIMIC_n766,MIMIC_n766_MID_S1_B02,middle,1,2,0,2,0,8,0.007686687603322772,12.874530618835273,0.08689289828664203,5.60669874191854,0.041672555120735075
MIMIC_n766,MIMIC_n766_MID_S2_B04,middle,2,4,0,4,0,6,0.010198885242285525,13.974630088674655,0.0933738175381141,7.0175912303374455,0.04801450790496242
MIMIC_n766,MIMIC_n766_END_S1_B02,end,1,2,0,0,2,8,0.014531976962305916,14.897608624803343,0.08117378184240494,11.470291309924136,0.052188663490796275
MIMIC_n766,MIMIC_n766_END_S2_B04,end,2,4,0,0,4,6,0.012091892178945315,36.4154541116406,0.33211666517025873,9.399399910618069,0.05052729783893316
