base_patient,synthetic_id,trunc_section,trunc_set,a,a_ratio_vs_full,b,b_ratio_vs_full,Cs0,Cs0_ratio_vs_full,Cc0,Cc0_ratio_vs_full,beta,beta_ratio_vs_full
MIMIC_n766,MIMIC_n766_START_S1_B02,start,1,6.900261142536379,117.74652412632955,0.08149562190304357,0.6479318260552571,18.725014760210545,0.5901981959169854,3.812817489430204,0.7777574135607486,0.45875118170427026,1.052352014564078
MIMIC_n766,MIMIC_n766_START_S2_B04,start,2,0.0865770308142886,1.4773563256496514,0.573771874274882,4.561779511056011,117.19572414204117,3.693919916410237,0.002842425214440454,0.0005798119865825098,0.42779032892598384,0.9813293837932758
MIMIC_n766,MIMIC_n766_MID_S1_B02,middle,1,0.05419126811113516,0.9247234744131322,0.1085790487946765,0.8632589053750165,24.27771232379029,0.7652149917093833,4.493623677700658,0.9166316349451323,0.35412735604261525,0.812350248688695
MIMIC_n766,MIMIC_n766_MID_S2_B04,middle,2,0.054238919956448674,0.9255366087334095,0.10871211318873351,0.8643168352835319,24.199841720160816,0.7627605696239736,4.4949032956939385,0.916892657767116,0.34279734769332093,0.786359782425234
MIMIC_n766,MIMIC_n766_END_S1_B02,end,1,0.05737514938045671,0.9790534403302971,0.11710544721991678,0.9310481285545537,37.626977683018715,1.185973663076387,4.64643669109592,0.9478031909889766,0.4512826150309934,1.03521950025571
MIMIC_n766,MIMIC_n766_END_S2_B04,end,2,0.05847180328515364,0.9977668169373984,0.1169416698408416,0.9297460147254577,91.91740293793507,2.8971664953034146,4.500775370107693,0.9180904726168796,0.4857896514679811,1.1143768970305685
