mse,mae,r2,max_abs_error,formula,complexity
0.003183248095498129,0.03188023419051573,0.9811242849565849,0.4150348711857037,inv(((β + -0.0630585366005429) * inv((t * t) * (t * 4.0902503240131863e-10))) + 1.00958206986959),18
