base_patient,synthetic_id,trunc_section,trunc_set,a,b,Cs0,Cc0,beta,a_ratio_vs_full,b_ratio_vs_full,Cs0_ratio_vs_full,Cc0_ratio_vs_full,beta_ratio_vs_full
MIMIC_n1250,MIMIC_n1250_START_S1_B01,start,1,0.05230099611618633,0.08903072958069341,12.913751944989206,1.3186613388521944,0.354574236532581,1.7962908287679362,1.4833969918228576,1.096696480847746,1.0368816982361073,0.9909415405623432
MIMIC_n1250,MIMIC_n1250_START_S2_B03,start,2,0.26008203274910446,0.20487150980730084,22.291464576620847,20.095615595732067,0.44746119955354036,8.932582643678419,3.413493102770889,1.89309589174881,15.801461233511004,1.2505361211902817
MIMIC_n1250,MIMIC_n1250_MID_S1_B01,middle,1,0.029790331227142086,0.06358655198486034,11.904061359793129,1.2837233491780342,0.3416865958840979,1.023156397449823,1.0594555428105135,1.0109488130710467,1.0094094724272946,0.9549239815786174
MIMIC_n1250,MIMIC_n1250_MID_S2_B03,middle,2,0.1206059342845932,0.24291921886677928,26.909088039113865,1.084545504169356,0.23939054436973,4.142241061128767,4.047429917962626,2.2852461686604757,0.8527931706531243,0.6690334784433792
MIMIC_n1250,MIMIC_n1250_END_S1_B01,end,1,0.029355906138149843,0.056200090863986585,12.244283681567174,1.2325210271578007,0.36753906559009514,1.00823595881401,0.9363850674979457,1.0398420909181734,0.9691483765372886,1.0271748208057596
MIMIC_n1250,MIMIC_n1250_END_S2_B03,end,2,0.029020626159476728,0.058678940700392784,7.024481912028311,1.266596249149249,0.3197420639864116,0.9967206838578292,0.9776867439845207,0.59655200328432,0.9959421961521258,0.893594798561073
