patient_id,patient_idx,param_idx,param_name,class_label,theta_hat,theta_hat_exp,threshold,left_endpoint,right_endpoint,retcode_left,retcode_right
n750,5,1,a,Identifiable,-1.7087941559022155,0.18108402011336672,3.8414588206941245,-2.284342325981291,-1.1657330403558062,identifiable,identifiable
n750,5,2,b,Identifiable,-1.080824230595717,0.33931573594398967,3.8414588206941245,-1.6426361555883937,-0.4913171919774606,identifiable,identifiable
n750,5,3,Cs0,Identifiable,1.8697873866663461,6.486917047599001,3.8414588206941245,1.2792630442621011,2.396186807098523,identifiable,identifiable
n750,5,4,Cc0,Identifiable,1.193014300292938,3.2970044054653687,3.8414588206941245,0.7213797970849324,1.8834555700155784,identifiable,identifiable
n750,5,5,beta,Practically identifiable,-4.819382382213619,0.008071770869177422,3.8414588206941245,NaN,-4.336729784897973,nonidentifiable,identifiable
