patient_id,patient_idx,param_idx,param_name,class_label,theta_hat,theta_hat_exp,threshold,left_endpoint,right_endpoint,retcode_left,retcode_right
n1001,6,1,a,Practically identifiable,0.086556660527633,1.0904131493518532,3.8414588206941245,-1.1216517588338855,NaN,identifiable,nonidentifiable
n1001,6,2,b,Practically identifiable,-6.907755278982136,0.001000000000000001,3.8414588206941245,NaN,-4.221506827393323,nonidentifiable,identifiable
n1001,6,3,Cs0,Identifiable,1.3440494414075674,3.8345398528741783,3.8414588206941245,1.2256599464520588,2.110337570332374,identifiable,identifiable
n1001,6,4,Cc0,Identifiable,-3.2000661022525816,0.04075950959391648,3.8414588206941245,-3.3644043658270757,-2.9087919836655156,identifiable,identifiable
n1001,6,5,beta,Identifiable,-1.0134017416461492,0.3629821056558945,3.8414588206941245,-1.0524589767643684,-0.6018574164600583,identifiable,identifiable
