patient_id,patient_idx,param_idx,param_name,class_label,theta_hat,theta_hat_exp,threshold,left_endpoint,right_endpoint,retcode_left,retcode_right
n270,50,1,a,Identifiable,-3.327250732117839,0.03589164529649594,3.8414588206941245,-3.840763588539784,-2.765476684165395,identifiable,identifiable
n270,50,2,b,Identifiable,1.1621602265430544,3.196831703049636,3.8414588206941245,0.6950821155291932,1.2053579524760754,identifiable,identifiable
n270,50,3,Cs0,Practically identifiable,6.214608097513902,499.99999954585513,3.8414588206941245,5.698840167377588,NaN,identifiable,nonidentifiable
n270,50,4,Cc0,Identifiable,4.567539160796836,96.30682232555316,3.8414588206941245,3.8332806939365818,4.936607818793528,identifiable,identifiable
n270,50,5,beta,Identifiable,-2.1239170689674913,0.11956237599153399,3.8414588206941245,-2.272602382402983,-1.962252070633659,identifiable,identifiable
