model_id,model_idx,nn_depth,nn_width,n_patients,loss_mean,loss_std,loss_median,loss_q1,loss_q3,loss_iqr,smape_mean,smape_std,smape_median,smape_q1,smape_q3,smape_iqr,rmsle_mean,rmsle_std,rmsle_median,rmsle_q1,rmsle_q3,rmsle_iqr,experiment_path
cfg24_4,4,2,4,56,0.042375297867634505,0.11989857176476443,0.006194193832622794,0.0015219728265413162,0.017941318751947537,0.01641934592540622,9.93294960115718,11.994794449080977,6.085779946792345,3.1924970897265648,11.035502735157884,7.843005645431319,0.04798667045348828,0.07612737008028293,0.025190311245108482,0.012021756707596446,0.05389732640501315,0.0418755696974167,NSTEMI_cUDE_MIMIC-IV_MSE_24_sigmoid_regback
cfg28_4,4,2,8,56,0.05810873996198446,0.17801694266299836,0.005942897606326814,0.0016922675404314653,0.02144621043566939,0.019753942895237925,11.347103515684902,15.26115066930874,6.1718724857506775,3.316099116655473,11.321609173316002,8.00551005666053,0.05460769384546322,0.09422857109696177,0.026997261348129787,0.012554050262195256,0.05000063248405176,0.037446582221856504,NSTEMI_cUDE_MIMIC-IV_MSE_28_sigmoid_regback
cfg26_1,1,2,6,56,0.04928843839443078,0.14233956890698643,0.006239342724002108,0.0018185354355411939,0.021860333924835287,0.020041798489294094,10.873689368581111,13.362599293838295,6.278084915423665,3.2531555935180547,12.234728243534649,8.981572650016595,0.05208000020240989,0.08559970586738376,0.025586241389211617,0.011714663928368119,0.055282647591394216,0.0435679836630261,NSTEMI_cUDE_MIMIC-IV_MSE_26_sigmoid_regback
