base_patient,synthetic_id,trunc_section,trunc_set,a,a_ratio_vs_full,b,b_ratio_vs_full,Cs0,Cs0_ratio_vs_full,Cc0,Cc0_ratio_vs_full,Td,Td_ratio_vs_full
MIMIC_n766,MIMIC_n766_START_S1_B02,start,1,0.07555612377992353,1.190971921597834,0.17442928774454874,1.3512198763457197,14.446351643964341,1.2640511675102972,6.437384796796602,1.3556474473769644,206.3717634769337,1.0188611647262111
MIMIC_n766,MIMIC_n766_START_S2_B04,start,2,0.018245825983764126,0.287604304534179,0.1258406628261637,0.9748271466443936,19.82495407085539,1.7346771667137633,0.0010000000052363344,0.0002105897809853142,153.65136554826034,0.7585795974543338
MIMIC_n766,MIMIC_n766_MID_S1_B02,middle,1,0.04889338774977376,0.7706940092822611,0.11652503949955388,0.9026634890257296,10.657294975591828,0.9325099158877797,4.893892448655628,1.030603733531486,184.95277734069072,0.9131152390513245
MIMIC_n766,MIMIC_n766_MID_S2_B04,middle,2,0.05261607863786639,0.8293738369216523,0.10879406800665145,0.8427753677145287,9.934108645793298,0.869231342373944,4.563903152025268,0.9611113601904858,195.18287088266567,0.9636213976741328
MIMIC_n766,MIMIC_n766_END_S1_B02,end,1,0.06229089555391811,0.9818755100776149,0.12544125435296188,0.9717331211240832,24.140242811788347,2.1122635570740815,4.69151474098839,0.987985056620698,283.2134003079995,1.3982297289237975
MIMIC_n766,MIMIC_n766_END_S2_B04,end,2,0.062258167559968346,0.9813596270506093,0.124511059363236,0.9645273475109069,113.88845704793259,9.965203716852075,4.675264999714799,0.9845630271827434,499.9999994103959,2.4685091273124686
