base_patient,synthetic_id,trunc_section,trunc_set,a,b,Cs0,Cc0,beta,a_ratio_vs_full,b_ratio_vs_full,Cs0_ratio_vs_full,Cc0_ratio_vs_full,beta_ratio_vs_full
MIMIC_n1283,MIMIC_n1283_START_S1_B01,start,1,4.9999999998142615,0.017129190111667077,9.501318444411575,1.8846844450358957,0.046160847983830404,38.59312201839265,1.0501740833947812,0.9944713744821488,0.9051112324804977,1.1360984927448052
MIMIC_n1283,MIMIC_n1283_START_S2_B03,start,2,0.38703064273953464,0.10603390818225539,98.40775016597205,13.6837060191438,0.5478661979623833,2.9873441641317315,6.500836385616426,10.300011639417367,6.57153830314133,13.483936905771762
MIMIC_n1283,MIMIC_n1283_MID_S1_B01,middle,1,0.13442866936386236,0.017927486452379945,9.93375895716136,2.0376108359302014,0.039466253045645244,1.037604407944485,1.099116860164742,1.0397334834843985,0.9785534442553729,0.9713329056508819
MIMIC_n1283,MIMIC_n1283_MID_S2_B03,middle,2,0.03234309382680608,0.06608376368178306,80.55085571184335,6.564558838555345,0.4298480644520268,0.2496441933113235,4.0515316544081275,8.430989937252978,3.1525998724642776,10.579306045337006
MIMIC_n1283,MIMIC_n1283_END_S1_B01,end,1,0.03390657587258117,0.06946643691418987,92.60672228278068,6.448447698348963,0.42996884434818133,0.26171212398500465,4.258920079553065,9.69283736079925,3.0968380193361735,10.58227864796387
MIMIC_n1283,MIMIC_n1283_END_S2_B03,end,2,0.11468906325946562,0.0010000000000234624,11.852015262121267,2.234295183033097,0.1031618034510307,0.8852418025424268,0.061309033093404894,1.2405109856135432,1.073010217793679,2.538990822928692
