patient_id,patient_idx,param_idx,param_name,class_label,theta_hat,theta_hat_exp,threshold,left_endpoint,right_endpoint,retcode_left,retcode_right
n488,2,1,a,Practically identifiable,-1.1627302684630707,0.3126314468070368,3.8414588206941245,-1.7400247305938203,NaN,identifiable,failure
n488,2,2,b,Identifiable,-4.054867845878328,0.017337771290009813,3.8414588206941245,-5.313878755805235,-3.3226737966374857,identifiable,identifiable
n488,2,3,Cs0,Identifiable,2.046567369256215,7.7412824822454,3.8414588206941245,1.7330082277370131,2.4290319719899487,identifiable,identifiable
n488,2,4,Cc0,Practically identifiable,0.2359177911809991,1.2660702237506611,3.8414588206941245,0.12489371222812887,NaN,identifiable,failure
n488,2,5,beta,Identifiable,-3.7640942292642667,0.02318860628694805,3.8414588206941245,-5.0592976395625815,-3.187173338663676,identifiable,identifiable
