base_patient,synthetic_id,trunc_section,trunc_set,a,a_ratio_vs_full,b,b_ratio_vs_full,Cs0,Cs0_ratio_vs_full,Cc0,Cc0_ratio_vs_full,beta,beta_ratio_vs_full
UMG_n2,UMG_n2_START_S1_B01,start,1,0.6503436988429332,18.88106112035277,0.07825163914290834,0.022651532250909438,6.723881984054028,0.020863564934217697,0.0010000000022213772,0.00021720260232796788,0.228116254636966,0.9412917440719406
UMG_n2,UMG_n2_START_S2_B03,start,2,0.007589633648518371,0.22034554506135118,0.015209633789608542,0.004402738576257193,9.438265248046914,0.02928603749084107,1.6172597530511803,0.35127302622269313,0.5743991353584423,2.3701825403692505
UMG_n2,UMG_n2_MID_S1_B01,middle,1,0.04014486527667215,1.1655031890148848,3.272394071031067,0.9472611775233684,291.9855053619559,0.906003193604028,4.011806194264662,0.8713747434940936,0.24484816695839454,1.010333781237424
UMG_n2,UMG_n2_MID_S2_B03,middle,2,0.18948174714659852,5.50111649491079,0.056318486117135635,0.01630253396066152,5.638949909075432,0.017497124111905134,0.09078867995704916,0.019719537504787565,0.23151586713195405,0.955319798230855
UMG_n2,UMG_n2_END_S1_B01,end,1,0.057515220460606975,1.669806895645122,6.788463453612996,1.965059141736463,499.9999983941679,1.5514523393398163,6.982668774394942,1.5166538256237632,0.2485947594631308,1.0257936028039427
UMG_n2,UMG_n2_END_S2_B03,end,2,0.3093415967298839,8.980939778944585,0.6166569539737748,0.17850392699346324,31.884331358017086,0.09893404126510585,0.5758279251362783,0.12507132355488335,0.25287464465968923,1.0434539865740844
