base_patient,synthetic_id,trunc_section,trunc_set,a,a_ratio_vs_full,b,b_ratio_vs_full,Cs0,Cs0_ratio_vs_full,Cc0,Cc0_ratio_vs_full,Td,Td_ratio_vs_full
MIMIC_n441,MIMIC_n441_START_S1_B04,start,1,0.009991668567313185,0.14938530936363462,0.01439811031610703,14.398110302784815,26.78722821346159,2.2899941208140766,9.575859367061387,2.4181928798481818,147.00345033857923,0.8200146272235872
MIMIC_n441,MIMIC_n441_START_S2_B08,start,2,9.999999950595575,149.50987176887077,0.9353856563372309,935.3856554717416,499.9999999257899,42.744141017983104,0.6920979887405722,0.17477558560295528,427.63338329628573,2.3854244821084807
MIMIC_n441,MIMIC_n441_MID_S1_B04,middle,1,0.058758092215063604,0.878491487585901,0.008839777406843044,8.839777398663816,16.294089991806864,1.3929537609457419,4.412441333203617,1.114274323138397,184.58430376734185,1.0296481388462975
MIMIC_n441,MIMIC_n441_MID_S2_B08,middle,2,0.02948845642465703,0.4408815360493905,0.051457937751266836,51.457937703654075,47.65823255148602,4.074220426301799,8.56063614259017,2.1618184408795575,291.6638880728867,1.6269594618481105
MIMIC_n441,MIMIC_n441_END_S1_B04,end,1,0.07055393132628263,1.0548509277496534,0.001000000000457469,0.9999999995321937,11.095467137432012,0.9485324241063638,3.883095417747449,0.9805985375336169,167.20599854035711,0.9327084789290516
MIMIC_n441,MIMIC_n441_END_S2_B08,end,2,0.02703129851688104,0.40414459949714826,0.05527604702118291,55.27604697003735,35.95345288928893,3.0735989212225405,9.178141676212558,2.317757185114766,159.2175702465855,0.8881474292779581
