patient_id,patient_idx,param_idx,param_name,class_label,theta_hat,theta_hat_exp,threshold,left_endpoint,right_endpoint,retcode_left,retcode_right
n94,26,1,a,Identifiable,-2.763129833948208,0.06309398530989291,3.8414588206941245,-3.8457302089259313,-1.8138644740208183,identifiable,identifiable
n94,26,2,b,Identifiable,-2.0472138374620212,0.12909408008321058,3.8414588206941245,-3.1066684437747885,-1.3232140169535185,identifiable,identifiable
n94,26,3,Cs0,Identifiable,1.4945108495820785,4.457155799910934,3.8414588206941245,0.406005057717594,2.5414356372039943,identifiable,identifiable
n94,26,4,Cc0,Identifiable,0.29813571433785546,1.3473446294564115,3.8414588206941245,-0.4110271971694524,1.6388751495688267,identifiable,identifiable
n94,26,5,beta,Unidentifiable,-1.073411208226064,0.34184043735731634,3.8414588206941245,NaN,NaN,failure,failure
