base_patient,removed_n_mean,smape_full_median,rmsle_full_median,loss_median
MIMIC_n441,6.0,13.681352305994164,0.13902612760683025,0.012986622402611694
MIMIC_n606,4.5,67.97616621482717,0.4805320510173721,0.712892281159251
MIMIC_n766,3.0,20.327594306122435,0.13646935487515294,0.016421777400213784
MIMIC_n1250,1.5,9.381946247463825,0.030019017818834363,0.009391182536765137
MIMIC_n1283,2.0,11.20306845406136,0.08019832048630557,0.008694236782234022
UMG_n2,1.5,7.054846135917575,0.010650173579027571,0.0051532673356359734
UMG_n107,1.5,5.749089024851055,0.020020284749071665,0.0008985096865685095
