trunc_section,smape_full_median,rmsle_full_median,loss_median
start,20.25795027289797,0.16800741640488426,0.011018727680564234
middle,9.502605302183772,0.06157732406602465,0.008841710092531005
end,9.894652352258104,0.0999402513105218,0.006094244801144975
