patient_id,patient_idx,param_idx,param_name,class_label,theta_hat,theta_hat_exp,threshold,left_endpoint,right_endpoint,retcode_left,retcode_right
n100,39,1,a,Identifiable,-3.838209444712112,0.02153212130239922,3.8414588206941245,-4.327587250829128,-3.5997645052105134,identifiable,identifiable
n100,39,2,b,Identifiable,1.118545049383464,3.0603982341739,3.8414588206941245,0.9034845272265404,1.334917274282528,identifiable,identifiable
n100,39,3,Cs0,Identifiable,5.043221217494075,154.96839881094004,3.8414588206941245,4.793353381314198,5.463012236897812,identifiable,identifiable
n100,39,4,Cc0,Identifiable,4.342377923390648,76.89016103447554,3.8414588206941245,4.064837194321157,4.856613203159606,identifiable,identifiable
n100,39,5,Td,Identifiable,4.409987186166534,82.26840932375104,3.8414588206941245,4.078205757090975,4.681317687412307,identifiable,identifiable
