patient_id,patient_idx,param_idx,param_name,class_label,theta_hat,theta_hat_exp,threshold,left_endpoint,right_endpoint,retcode_left,retcode_right
n31,6,1,a,Identifiable,-4.433010816453871,0.011878671279604961,3.8414588206941245,-5.190690074959501,-3.774839086900025,identifiable,identifiable
n31,6,2,b,Identifiable,-1.6651863244068896,0.1891554104286862,3.8414588206941245,-2.4725660484800347,-0.7440799571395037,identifiable,identifiable
n31,6,3,Cs0,Practically identifiable,4.644657724746327,104.02775356543158,3.8414588206941245,3.4163310435271166,NaN,identifiable,nonidentifiable
n31,6,4,Cc0,Unidentifiable,-6.72399201647717,0.001201731294561967,3.8414588206941245,NaN,NaN,nonidentifiable,nonidentifiable
n31,6,5,Td,Identifiable,1.0245487792483372,2.785838148941059,3.8414588206941245,0.5408283707298442,1.3951686921921447,identifiable,identifiable
