patient_id,patient_idx,param_idx,param_name,class_label,theta_hat,theta_hat_exp,threshold,left_endpoint,right_endpoint,retcode_left,retcode_right
n109,44,1,a,Practically identifiable,2.302584992994046,9.999999000000054,3.8414588206941245,1.9737252334867212,NaN,identifiable,nonidentifiable
n109,44,2,b,Identifiable,-2.7041145153548647,0.06692956271525881,3.8414588206941245,-3.0738663351602167,-2.4567415307771796,identifiable,identifiable
n109,44,3,Cs0,Identifiable,1.3121824819680745,3.714271202606856,3.8414588206941245,0.5382902687578489,1.848215919487791,identifiable,identifiable
n109,44,4,Cc0,Identifiable,1.4785692871198108,4.3866651308543565,3.8414588206941245,1.1071828968436503,1.8618536542298993,identifiable,identifiable
n109,44,5,Td,Practically identifiable,5.501630682503656,245.09127262712946,3.8414588206941245,4.896772547937888,NaN,identifiable,nonidentifiable
