patient_id,patient_idx,param_idx,param_name,class_label,theta_hat,theta_hat_exp,threshold,left_endpoint,right_endpoint,retcode_left,retcode_right
n73,22,1,a,Practically identifiable,2.302584992994046,9.999999000000054,3.8414588206941245,1.9987405695763334,NaN,identifiable,nonidentifiable
n73,22,2,b,Identifiable,-2.6631978793136555,0.06972489305273444,3.8414588206941245,-3.164194558418425,-2.35088140167236,identifiable,identifiable
n73,22,3,Cs0,Identifiable,1.6040679912663387,4.973222355428164,3.8414588206941245,0.9105264841436054,2.1082902139638917,identifiable,identifiable
n73,22,4,Cc0,Identifiable,1.094146227086212,2.9866316893236955,3.8414588206941245,0.8299441827424334,1.3756165806813125,identifiable,identifiable
n73,22,5,Td,Identifiable,4.8938004866764535,133.45982372628094,3.8414588206941245,4.397757773931149,5.321636271893703,identifiable,identifiable
