patient_id,patient_idx,param_idx,param_name,class_label,theta_hat,theta_hat_exp,threshold,left_endpoint,right_endpoint,retcode_left,retcode_right
n69,18,1,a,Practically identifiable,2.302584992994046,9.999999000000054,3.8414588206941245,1.8397312591803567,NaN,identifiable,nonidentifiable
n69,18,2,b,Practically identifiable,-2.6114057712747996,0.07343124363891484,3.8414588206941245,-3.9349944061279714,NaN,identifiable,failure
n69,18,3,Cs0,Practically identifiable,0.1168886880684845,1.12399430874942,3.8414588206941245,NaN,0.7642830701815949,failure,identifiable
n69,18,4,Cc0,Identifiable,-1.9201746277990062,0.14658136271448421,3.8414588206941245,-2.1771368746988045,-1.619389640808905,identifiable,identifiable
n69,18,5,Td,Identifiable,4.23512027786713,69.06998582450626,3.8414588206941245,3.8209597321470348,4.487436961983818,identifiable,identifiable
