patient_id,patient_idx,param_idx,param_name,class_label,theta_hat,theta_hat_exp,threshold,left_endpoint,right_endpoint,retcode_left,retcode_right
n83,27,1,a,Identifiable,-3.555491418792749,0.028567332942052343,3.8414588206941245,-3.67883461186823,-3.4570478247467173,identifiable,identifiable
n83,27,2,b,Identifiable,0.570114267263886,1.7684691180161,3.8414588206941245,0.32380647151180997,0.8255665720383036,identifiable,identifiable
n83,27,3,Cs0,Identifiable,4.644944083579852,104.05754709721367,3.8414588206941245,4.463316643109476,4.93784110676179,identifiable,identifiable
n83,27,4,Cc0,Identifiable,4.554426488539541,95.0522260595316,3.8414588206941245,4.391386251179193,4.734184341558548,identifiable,identifiable
n83,27,5,Td,Identifiable,4.869744620676049,130.28763987811723,3.8414588206941245,4.502597047582894,5.048070359409671,identifiable,identifiable
