patient_id,patient_idx,param_idx,param_name,class_label,theta_hat,theta_hat_exp,threshold,left_endpoint,right_endpoint,retcode_left,retcode_right
n44,7,1,a,Identifiable,-3.5612375874211475,0.028403650952238093,3.8414588206941245,-4.618258577271365,-2.8927788555190603,identifiable,identifiable
n44,7,2,b,Practically identifiable,0.3770436065759245,1.4579678849723303,3.8414588206941245,-1.333182440573439,NaN,identifiable,nonidentifiable
n44,7,3,Cs0,Practically identifiable,3.504194691324852,33.254652805926916,3.8414588206941245,1.6514178602503773,NaN,identifiable,nonidentifiable
n44,7,4,Cc0,Identifiable,2.4026689634630816,11.052636131660474,3.8414588206941245,0.5365907166515531,5.1792093843857625,identifiable,identifiable
n44,7,5,Td,Identifiable,4.5778610433480305,97.30603805672703,3.8414588206941245,4.169399000412581,4.978141928198321,identifiable,identifiable
