patient_id,patient_idx,param_idx,param_name,class_label,theta_hat,theta_hat_exp,threshold,left_endpoint,right_endpoint,retcode_left,retcode_right
n107,43,1,a,Identifiable,-3.233658001500947,0.03941306173499513,3.8414588206941245,-3.4630167808556913,-3.079359336669773,identifiable,identifiable
n107,43,2,b,Identifiable,0.3115914785143328,1.3655967034677547,3.8414588206941245,0.09717213168528213,0.5249710115208595,identifiable,identifiable
n107,43,3,Cs0,Identifiable,4.448476297473907,85.49657335958467,3.8414588206941245,4.252778427012119,4.689224319562108,identifiable,identifiable
n107,43,4,Cc0,Identifiable,4.282546423038205,72.42462914024817,3.8414588206941245,4.079903331615695,4.541624473229903,identifiable,identifiable
n107,43,5,Td,Identifiable,5.172906295229611,176.4268415942254,3.8414588206941245,4.31677449884817,5.440730012757714,identifiable,identifiable
