base_patient,synthetic_id,trunc_section,trunc_set,removed_n,removed_start,removed_gap,removed_end,kept_n,loss,smape_full,rmsle_full,smape_sparse,rmsle_sparse
MIMIC_n606,MIMIC_n606_START_S1_B03,start,1,3,3,0,0,10,0.375110987328676,57.8483912859027,0.23437954665908636,50.76226224769815,0.25730833091683963
MIMIC_n606,MIMIC_n606_START_S2_B06,start,2,6,6,0,0,7,0.17155632750262162,95.47977399303495,1.748819597004231,32.15445701284633,0.2853463498065692
MIMIC_n606,MIMIC_n606_MID_S1_B03,middle,1,3,0,3,0,10,0.4691991612962738,67.52175454947864,0.38432781232316393,55.38494230572317,0.42394542840804605
MIMIC_n606,MIMIC_n606_MID_S2_B06,middle,2,6,0,6,0,7,0.3753792884050235,90.3807246201851,0.7618182706799971,47.24390113118235,0.30047963833977887
MIMIC_n606,MIMIC_n606_END_S1_B03,end,1,3,0,0,3,10,0.34438515683300486,68.20869373316053,1.001734762051274,34.9275526659197,0.24281472095859938
MIMIC_n606,MIMIC_n606_END_S2_B06,end,2,6,0,0,6,7,0.013285355995379042,66.19764831066891,1.0506456443782515,9.001073443924504,0.019972842205609173
