base_patient,synthetic_id,trunc_section,trunc_set,a,b,Cs0,Cc0,beta,a_ratio_vs_full,b_ratio_vs_full,Cs0_ratio_vs_full,Cc0_ratio_vs_full,beta_ratio_vs_full
MIMIC_n1250,MIMIC_n1250_START_S1_B01,start,1,4.999999999126713,0.0010000000000369139,2.018758380331797,0.3587776883199482,0.10850770476035342,165.3291323168302,0.01612732331524756,0.11604573231697504,0.29056331523721024,0.20712617141900785
MIMIC_n1250,MIMIC_n1250_START_S2_B02,start,2,4.999999997832141,0.0010000000000705393,2.3343310298713598,0.2517493077275924,0.10614302531556412,165.32913227402412,0.016127323315789848,0.1341860207099861,0.20388423205617368,0.2026123260555458
MIMIC_n1250,MIMIC_n1250_MID_S1_B01,middle,1,4.999999999411378,0.0010000000000209034,2.006623317845695,0.3534445045285099,0.0999548202664697,165.3291323262429,0.016127323314989356,0.11534816383793768,0.28624412925196646,0.19079990017661388
MIMIC_n1250,MIMIC_n1250_MID_S2_B02,middle,2,0.032887977719810856,0.06750793803774899,17.582824033186796,1.195254905614434,0.43208999324115704,1.087468164204249,1.088722343040288,1.0107260537025309,0.9680011863479049,0.8247999181824583
MIMIC_n1250,MIMIC_n1250_END_S1_B01,end,1,4.999999997797105,0.001000000000093537,2.027443264384069,0.3579202218785928,0.10866122020685058,165.32913227286562,0.01612732331616074,0.11654497172063676,0.28986887882152457,0.2074192111322417
MIMIC_n1250,MIMIC_n1250_END_S2_B02,end,2,4.999999989291474,0.22536039606534128,499.99999998921555,0.17769095055516346,0.9253248571387642,165.3291319916199,3.6344599696638413,28.74185772925414,0.14390658438859452,1.7663169210083696
