base_patient,synthetic_id,trunc_section,trunc_set,a,a_ratio_vs_full,b,b_ratio_vs_full,Cs0,Cs0_ratio_vs_full,Cc0,Cc0_ratio_vs_full,beta,beta_ratio_vs_full
UMG_n107,UMG_n107_START_S1_B01,start,1,0.09067402969903533,0.13542270073140952,0.1510124965419294,1.8885023602233386,22.501364489101757,1.9315351028269165,7.098746684432889,1.665739144175476,0.3544844155838191,0.9419788907957868
UMG_n107,UMG_n107_START_S2_B03,start,2,0.15230690458066723,0.22747210449139751,0.34902698938217336,4.3647930358324185,50.585734425387514,4.342319853191109,42.58020425714702,9.991554305446153,0.3946075612779742,1.048598969464044
UMG_n107,UMG_n107_MID_S1_B01,middle,1,0.6636285211444817,0.9911367887152934,0.08224666290733985,1.0285441309678527,12.006913149526495,1.0306830164071672,4.299455141442197,1.0088781930241424,0.36733942996026375,0.9761387907833337
UMG_n107,UMG_n107_MID_S2_B03,middle,2,0.5133499871270018,0.7666940788660295,0.1848312127521317,2.31142580593273,27.247645478233572,2.33895965447259,5.548982862357271,1.3020830824203173,0.3488892395561212,0.9271107118951779
UMG_n107,UMG_n107_END_S1_B01,end,1,0.6728034908545616,1.0048397109455285,0.07886410876162017,0.986243251013847,11.768022537139911,1.0101764554035448,4.241210839607057,0.9952110179853821,0.38280475475981196,1.0172351235416643
UMG_n107,UMG_n107_END_S2_B03,end,2,0.6769155070903826,1.0109810542381406,0.07762066030497147,0.9706931780134638,15.346935377776225,1.3173931926371982,4.215629072808251,0.9892081906937157,0.42199323789561566,1.1213715037417273
