patient_id,patient_idx,param_idx,param_name,class_label,theta_hat,theta_hat_exp,threshold,left_endpoint,right_endpoint,retcode_left,retcode_right
n195,32,1,a,Identifiable,-4.426768991878128,0.011953047742865545,3.8414588206941245,-5.385529068247252,-3.4954334078533345,identifiable,identifiable
n195,32,2,b,Identifiable,-3.1720605047873063,0.041917138394587314,3.8414588206941245,-4.265546448761689,-2.6380016614051827,identifiable,identifiable
n195,32,3,Cs0,Identifiable,3.1508372070897996,23.355609880247844,3.8414588206941245,2.275937802558312,4.153261557709379,identifiable,identifiable
n195,32,4,Cc0,Identifiable,-1.5490278602639782,0.21245440884157285,3.8414588206941245,-2.429325443178881,-0.5393090522511244,identifiable,identifiable
n195,32,5,beta,Identifiable,-0.7149786624230231,0.48920255008203695,3.8414588206941245,-0.7372103373052674,-0.6983582113371802,identifiable,identifiable
