patient_id,patient_idx,param_idx,param_name,class_label,theta_hat,theta_hat_exp,threshold,left_endpoint,right_endpoint,retcode_left,retcode_right
n1000,41,1,a,Practically identifiable,-2.178454973718429,0.11321631776678069,3.8414588206941245,-3.054553773874965,NaN,identifiable,failure
n1000,41,2,b,Identifiable,-1.6202159391910496,0.19785596961227458,3.8414588206941245,-2.629644619690299,-0.6916564454589776,identifiable,identifiable
n1000,41,3,Cs0,Identifiable,1.9924220720941104,7.33327398786876,3.8414588206941245,0.9179182600563958,2.9605581975988637,identifiable,identifiable
n1000,41,4,Cc0,Identifiable,0.24771176617897575,1.281090625327197,3.8414588206941245,-0.36120779978388673,1.3314458974574102,identifiable,identifiable
n1000,41,5,beta,Identifiable,-3.32267691676757,0.03605618305051085,3.8414588206941245,-5.154344820029486,-3.025551077456761,identifiable,identifiable
