patient_id,patient_idx,param_idx,param_name,class_label,theta_hat,theta_hat_exp,threshold,left_endpoint,right_endpoint,retcode_left,retcode_right
n1319,51,1,a,Unidentifiable,-1.7763056198737697,0.16926231293109104,3.8414588206941245,NaN,NaN,nonidentifiable,nonidentifiable
n1319,51,2,b,Practically identifiable,-2.24690288939986,0.10572616363940693,3.8414588206941245,-3.152821515163669,NaN,identifiable,nonidentifiable
n1319,51,3,Cs0,Practically identifiable,2.362919103446769,10.621912702884106,3.8414588206941245,1.6608873510802402,NaN,identifiable,nonidentifiable
n1319,51,4,Cc0,Unidentifiable,-6.907755178961671,0.0010000001000204709,3.8414588206941245,NaN,NaN,failure,nonidentifiable
n1319,51,5,beta,Identifiable,-1.6643116098784507,0.1893209397992394,3.8414588206941245,-1.8844307421425763,-1.4728823980363477,identifiable,identifiable
