patient_id,patient_idx,param_idx,param_name,class_label,theta_hat,theta_hat_exp,threshold,left_endpoint,right_endpoint,retcode_left,retcode_right
n713,3,1,a,Unidentifiable,-0.25732084827000795,0.7731201197143852,3.8414588206941245,NaN,NaN,failure,nonidentifiable
n713,3,2,b,Practically identifiable,-5.5415995025127085,0.003920251368914001,3.8414588206941245,NaN,-3.8974260019122724,nonidentifiable,identifiable
n713,3,3,Cs0,Identifiable,2.347691499273704,10.461391697636374,3.8414588206941245,1.5872723625126155,2.9582011541401596,identifiable,identifiable
n713,3,4,Cc0,Identifiable,-0.8278793708106468,0.4369749663312261,3.8414588206941245,-1.092233281185231,-0.39663022378330126,identifiable,identifiable
n713,3,5,beta,Identifiable,-0.3748761489331062,0.6873744055728277,3.8414588206941245,-0.5170389022517344,-0.31381440449856834,identifiable,identifiable
