patient_id,patient_idx,param_idx,param_name,class_label,theta_hat,theta_hat_exp,threshold,left_endpoint,right_endpoint,retcode_left,retcode_right
n724,40,1,a,Identifiable,0.5398052923194331,1.715672774994612,3.8414588206941245,0.35457551050328584,0.8086715715739593,identifiable,identifiable
n724,40,2,b,Practically identifiable,-4.556547444585234,0.010498242208102268,3.8414588206941245,NaN,-3.6756248261513815,nonidentifiable,identifiable
n724,40,3,Cs0,Identifiable,1.392033076994365,4.023020855393527,3.8414588206941245,0.8616033785256917,1.8788278097444917,identifiable,identifiable
n724,40,4,Cc0,Identifiable,0.9464039951048484,2.5764281329324703,3.8414588206941245,0.9173573090321604,0.9753157217647025,identifiable,identifiable
n724,40,5,beta,Identifiable,-2.900083305513443,0.05501863650972915,3.8414588206941245,-3.8945858620128813,-2.3002295550880807,identifiable,identifiable
