patient_id,patient_idx,param_idx,param_name,class_label,theta_hat,theta_hat_exp,threshold,left_endpoint,right_endpoint,retcode_left,retcode_right
n1191,36,1,a,Identifiable,-2.776189592387361,0.062275350325668145,3.8414588206941245,-3.4379152915140945,-1.0799577044203579,identifiable,identifiable
n1191,36,2,b,Identifiable,-0.8580568165982079,0.42398516329202673,3.8414588206941245,-2.7244990817334642,-0.25549786066181757,identifiable,identifiable
n1191,36,3,Cs0,Identifiable,2.9740293754032767,19.57061830425516,3.8414588206941245,1.1101606353953102,3.6095216416786298,identifiable,identifiable
n1191,36,4,Cc0,Practically identifiable,0.9615435975464458,2.6157309947290637,3.8414588206941245,NaN,1.6206756447814437,failure,identifiable
n1191,36,5,beta,Practically identifiable,-6.9077551789821365,0.0010000001000000055,3.8414588206941245,NaN,-4.162224805982594,nonidentifiable,identifiable
