patient_id,patient_idx,param_idx,param_name,class_label,theta_hat,theta_hat_exp,threshold,left_endpoint,right_endpoint,retcode_left,retcode_right
n1341,27,1,a,Identifiable,-0.8874325618096383,0.4117114406418544,3.8414588206941245,-2.6108164638706155,-0.41002511966207333,identifiable,identifiable
n1341,27,2,b,Identifiable,-1.5188413165123489,0.21896545167644027,3.8414588206941245,-2.051381050999465,-0.019379552571949808,identifiable,identifiable
n1341,27,3,Cs0,Practically identifiable,4.775505126235684,118.57019241148575,3.8414588206941245,4.277729702180107,NaN,identifiable,nonidentifiable
n1341,27,4,Cc0,Practically identifiable,-0.007891128312072912,0.9921399249056191,3.8414588206941245,-0.37331013996764373,NaN,identifiable,failure
n1341,27,5,beta,Identifiable,-1.3876451381732147,0.2496625337088419,3.8414588206941245,-1.4192395176519461,-1.3657738798700163,identifiable,identifiable
