patient_id,patient_idx,param_idx,param_name,class_label,theta_hat,theta_hat_exp,threshold,left_endpoint,right_endpoint,retcode_left,retcode_right
n377,21,1,a,Practically identifiable,1.6101896186315823,5.003759943996962,3.8414588206941245,-1.8526758052180254,NaN,identifiable,nonidentifiable
n377,21,2,b,Identifiable,-1.1150970053229294,0.32788347091486225,3.8414588206941245,-1.2799886215401173,-0.983875683702446,identifiable,identifiable
n377,21,3,Cs0,Identifiable,4.86589671588443,129.78726875195838,3.8414588206941245,4.74750572657308,4.975524169315755,identifiable,identifiable
n377,21,4,Cc0,Identifiable,3.74510784673105,42.313570353015464,3.8414588206941245,3.6245955926076756,3.8711905546803385,identifiable,identifiable
n377,21,5,beta,Identifiable,-1.4461639379152305,0.2354718423857274,3.8414588206941245,-1.480928251918863,-1.3984008892492372,identifiable,identifiable
