patient_id,patient_idx,param_idx,param_name,class_label,theta_hat,theta_hat_exp,threshold,left_endpoint,right_endpoint,retcode_left,retcode_right
n1255,31,1,a,Practically identifiable,-2.4035396286255746,0.09039741305645774,3.8414588206941245,-3.461807780906637,NaN,identifiable,nonidentifiable
n1255,31,2,b,Identifiable,-1.680751611420384,0.18623394786053765,3.8414588206941245,-2.738844659267486,-0.007248732667605624,identifiable,identifiable
n1255,31,3,Cs0,Practically identifiable,4.6463328890492335,104.20216318631606,3.8414588206941245,3.757211271490596,NaN,identifiable,nonidentifiable
n1255,31,4,Cc0,Practically identifiable,0.32272044188404625,1.3808792609363054,3.8414588206941245,-0.4343083625891203,NaN,identifiable,failure
n1255,31,5,beta,Identifiable,-1.3623562733189147,0.25605672594691886,3.8414588206941245,-1.4164959401327566,-1.309153195408859,identifiable,identifiable
