patient_id,patient_idx,param_idx,param_name,class_label,theta_hat,theta_hat_exp,threshold,left_endpoint,right_endpoint,retcode_left,retcode_right
n629,34,1,a,Practically identifiable,-2.2019009592149925,0.11059272615228809,3.8414588206941245,-4.736714622560627,NaN,identifiable,nonidentifiable
n629,34,2,b,Practically identifiable,-1.5262004472002033,0.21735997101805452,3.8414588206941245,-4.086497587638355,NaN,identifiable,nonidentifiable
n629,34,3,Cs0,Practically identifiable,2.843624249802351,17.177909892321317,3.8414588206941245,1.188111242001108,NaN,identifiable,nonidentifiable
n629,34,4,Cc0,Practically identifiable,-1.3118550839721794,0.2693199815065712,3.8414588206941245,-2.8281469588267414,NaN,identifiable,nonidentifiable
n629,34,5,beta,Identifiable,-0.4679706005909135,0.6262719354117359,3.8414588206941245,-0.5766378448856461,-0.4003960048710632,identifiable,identifiable
