patient_id,patient_idx,param_idx,param_name,class_label,theta_hat,theta_hat_exp,threshold,left_endpoint,right_endpoint,retcode_left,retcode_right
n121,55,1,a,Practically identifiable,-3.721581587259648,0.024195670004567692,3.8414588206941245,NaN,-1.9817483338493351,failure,identifiable
n121,55,2,b,Practically identifiable,-2.877400623985258,0.056280867999102334,3.8414588206941245,NaN,0.08848336818961808,failure,identifiable
n121,55,3,Cs0,Practically identifiable,1.6163372005843095,5.034615715338965,3.8414588206941245,NaN,3.015877827102503,nonidentifiable,identifiable
n121,55,4,Cc0,Practically identifiable,1.6430426802710205,5.170878932054513,3.8414588206941245,0.42102509181908027,NaN,identifiable,nonidentifiable
n121,55,5,beta,Unidentifiable,-1.2825166816740532,0.2773384488368271,3.8414588206941245,NaN,NaN,nonidentifiable,failure
