patient_id,patient_idx,param_idx,param_name,class_label,theta_hat,theta_hat_exp,threshold,left_endpoint,right_endpoint,retcode_left,retcode_right
n1067,1,1,a,Practically identifiable,-2.891028442593167,0.05551908504851131,3.8414588206941245,-4.891684128123093,NaN,identifiable,nonidentifiable
n1067,1,2,b,Practically identifiable,-2.165811649032648,0.11465683571078798,3.8414588206941245,-4.136858697480314,NaN,identifiable,nonidentifiable
n1067,1,3,Cs0,Practically identifiable,0.5207056067552398,1.6832149185942304,3.8414588206941245,-1.1397590435737799,NaN,identifiable,nonidentifiable
n1067,1,4,Cc0,Practically identifiable,-1.22595420851993,0.29347752791579673,3.8414588206941245,-2.26254068055517,NaN,identifiable,nonidentifiable
n1067,1,5,beta,Identifiable,-0.9226720008370874,0.3974556192378727,3.8414588206941245,-1.1326560708167395,-0.6694251362714135,identifiable,identifiable
