Complexity,Loss,Equation
1,0.3103918808110255,"β"
2,0.1695783269522997,"0.369440096432166"
4,0.01622743485108525,"t_norm * 0.10008128942197685"
7,0.015434714635641883,"t_norm * inv(β + 9.510743720762934)"
10,0.01514687120164889,"t_norm * inv(inv(t_norm) + (β + 9.43852513562566))"
12,0.014997430512786373,"inv((β + inv(t_norm * t_norm)) + 9.534283452997654) * t_norm"
14,0.014930546144063616,"inv((inv(t_norm * (t_norm * t_norm)) + β) + 9.510743720762934) * t_norm"
15,0.010604489196310688,"inv((inv(0.032912942934835876 * t_norm) * inv(t_norm)) + inv(β)) * inv(β)"
18,0.009608423325926036,"inv((inv((t_norm + -0.3310401225996564) * 0.032912942934835876) * inv(t_norm)) + inv(β)) * inv(β)"
