base_patient,synthetic_id,trunc_section,trunc_set,a,b,Cs0,Cc0,beta,a_ratio_vs_full,b_ratio_vs_full,Cs0_ratio_vs_full,Cc0_ratio_vs_full,beta_ratio_vs_full
MIMIC_n441,MIMIC_n441_START_S1_B04,start,1,0.029612957554373303,0.05470310090141012,70.50580753693957,0.001000000000009924,0.16419129227800786,1.0424018254731986,1.1962757032779694,0.884760490895251,0.00011940387576887534,0.4618770834073377
MIMIC_n441,MIMIC_n441_START_S2_B08,start,2,9.964620609394098,0.12748282657256027,158.6767240038265,46.755786135461506,0.656262448001237,350.7632999611101,2.7878603863573983,1.9911962025216414,5.582822079139346,1.8460941577787346
MIMIC_n441,MIMIC_n441_MID_S1_B04,middle,1,0.025888105372496754,0.05300141179475424,93.19043664029931,9.348427674751454,0.3553023129302974,0.9112837935482677,1.1590622857699915,1.1694244679832362,1.1162384966992613,0.9994805068362794
MIMIC_n441,MIMIC_n441_MID_S2_B08,middle,2,0.026971814867470644,0.05633003235746182,98.09677194681072,9.288860513056097,0.36433096573917617,0.9494313089988679,1.2318542818174383,1.2309928945559185,1.1091259467243548,1.0248784909108646
MIMIC_n441,MIMIC_n441_END_S1_B04,end,1,0.04081355955708134,0.028597326448301746,53.23360389767491,6.0267933494222605,0.34831482235198147,1.4366727439582505,0.6253811254771114,0.668015744546348,0.7196224843719582,0.9798243988668978
MIMIC_n441,MIMIC_n441_END_S2_B08,end,2,0.026252388373668327,0.053588303966884396,88.9302527357382,9.268218622113732,0.3464257484526868,0.9241068715779738,1.1718967473342214,1.1159644405843763,1.1066612249426626,0.9745103537013978
