patient_id,patient_idx,param_idx,param_name,class_label,theta_hat,theta_hat_exp,threshold,left_endpoint,right_endpoint,retcode_left,retcode_right
n68,17,1,a,Identifiable,1.7596804288785222,5.81058020403395,3.8414588206941245,1.685420816020248,1.8486409668277337,identifiable,identifiable
n68,17,2,b,Identifiable,-2.573951107972026,0.07623374184214028,3.8414588206941245,-2.680210271874864,-2.4811117464876262,identifiable,identifiable
n68,17,3,Cs0,Identifiable,1.0374695556682738,2.822066888507353,3.8414588206941245,0.9659729401362942,1.1039043801794552,identifiable,identifiable
n68,17,4,Cc0,Identifiable,-0.9540452969743191,0.3851797012975524,3.8414588206941245,-0.9830114474288381,-0.9185737488661785,identifiable,identifiable
n68,17,5,beta,Identifiable,-1.2388302213292683,0.2897229314961653,3.8414588206941245,-1.2631178194567423,-1.2104939727508623,identifiable,identifiable
