patient_id,patient_idx,param_idx,param_name,class_label,theta_hat,theta_hat_exp,threshold,left_endpoint,right_endpoint,retcode_left,retcode_right
n75,23,1,a,Identifiable,-1.8268328086404195,0.16092243365342246,3.8414588206941245,-3.2968087654395695,-0.26846686350553606,identifiable,identifiable
n75,23,2,b,Identifiable,-1.496101435463321,0.2240017453394854,3.8414588206941245,-2.9489976971972305,-0.10240416980481232,identifiable,identifiable
n75,23,3,Cs0,Identifiable,3.43246151827606,30.95273978881192,3.8414588206941245,1.6712021024627848,4.819106622229489,identifiable,identifiable
n75,23,4,Cc0,Identifiable,2.8148926547446464,16.691383943288837,3.8414588206941245,1.601484439575071,4.412565594828976,identifiable,identifiable
n75,23,5,beta,Identifiable,-2.6845426124797154,0.06825240465621002,3.8414588206941245,-3.986460940136751,-2.315753930389591,identifiable,identifiable
