base_patient,synthetic_id,trunc_section,trunc_set,removed_n,removed_start,removed_gap,removed_end,kept_n,loss,smape_full,rmsle_full,smape_sparse,rmsle_sparse
UMG_n107,UMG_n107_START_S1_B01,start,1,1,1,0,0,7,0.00025158974769158105,16.72028590881861,0.013798063826166839,1.1327162409500549,0.006300595915080048
UMG_n107,UMG_n107_START_S2_B03,start,2,3,3,0,0,5,5.382094140068294e-5,39.95538895084268,0.5200336857223978,0.5732405509268482,0.002824683031084921
UMG_n107,UMG_n107_MID_S1_B01,middle,1,1,0,1,0,7,0.0009576725206280806,2.532344444913127,0.017740020415395165,2.309467885897038,0.017960615964549037
UMG_n107,UMG_n107_MID_S2_B03,middle,2,3,0,3,0,5,3.573277530369202e-14,10.45536056355378,0.08081630425128336,0.012454872514338248,7.134923382579625e-5
UMG_n107,UMG_n107_END_S1_B01,end,1,1,0,0,1,7,0.0009778797590246902,2.6953672263860717,0.01736115594837879,2.4774251421844116,0.0175698703510705
UMG_n107,UMG_n107_END_S2_B03,end,2,3,0,0,3,5,0.0009992522412512785,8.557070935657492,0.05955129262267792,2.1234453674733436,0.019068951216800772
