base_patient,synthetic_id,trunc_section,trunc_set,a,b,Cs0,Cc0,beta,a_ratio_vs_full,b_ratio_vs_full,Cs0_ratio_vs_full,Cc0_ratio_vs_full,beta_ratio_vs_full
MIMIC_n606,MIMIC_n606_START_S1_B03,start,1,0.5140664284521548,0.25894579788672395,499.9999999999754,0.0010000000001226018,0.9999999999999988,0.46776527769423176,0.7642809914862055,1.0000000000514806,0.011812653206006926,1.000000000000752
MIMIC_n606,MIMIC_n606_START_S2_B06,start,2,0.29534145670163436,0.190237092552124,499.9999999903409,1.035096440023591,0.9999999999996354,0.2687405184668986,0.5614865925601673,1.0000000000322116,12.227235279271946,1.0000000000003886
MIMIC_n606,MIMIC_n606_MID_S1_B03,middle,1,2.3197523125129695,0.4347581096231629,499.9999999946632,0.10616230201685709,0.9999999999998018,2.1108158879615653,1.2831927059299661,1.0000000000408562,1.2540584571227527,1.0000000000005551
MIMIC_n606,MIMIC_n606_MID_S2_B06,middle,2,4.999999997493147,0.3908942826813509,499.9999999879939,0.07025496399628516,0.9577243782598122,4.549657899934656,1.1537282024737925,1.0000000000275175,0.8298975255868721,0.9577243782605335
MIMIC_n606,MIMIC_n606_END_S1_B03,end,1,1.4603147022344554,0.0872090808852016,16.912247589576637,0.18223130159606252,0.5815470105686009,1.3287864649485577,0.25739843376295934,0.033824495180896245,2.1526351687696264,0.5815470105690389
MIMIC_n606,MIMIC_n606_END_S2_B06,end,2,0.16132697698999723,0.32121533483831116,43.46193094130923,0.46431864082412894,0.5594191914238956,0.14679651114062298,0.9480701235329241,0.08692386188709762,5.484835080467475,0.559419191424317
