base_patient,synthetic_id,trunc_section,trunc_set,a,a_ratio_vs_full,b,b_ratio_vs_full,Cs0,Cs0_ratio_vs_full,Cc0,Cc0_ratio_vs_full,beta,beta_ratio_vs_full
MIMIC_n1250,MIMIC_n1250_START_S1_B01,start,1,0.05230099611618633,1.7962907447658274,0.08903072958069341,1.4833970574328375,12.913751944989206,1.096696530871717,1.3186613388521944,1.0368817458268307,0.354574236532581,0.9909415395696639
MIMIC_n1250,MIMIC_n1250_START_S2_B03,start,2,0.260081825248973,8.932575099309588,0.20487156757281666,3.4134942162157893,22.291470982017604,1.893096522075613,20.09562157017652,15.801466656554105,0.4474611941619486,1.2505361048694748
MIMIC_n1250,MIMIC_n1250_MID_S1_B01,middle,1,0.029790363755887794,1.023157466810607,0.06358648767479118,1.0594545181591892,11.904048167927908,1.0109477388685637,1.2837219592877975,1.009408425867081,0.3416865909695535,0.9549239668871626
MIMIC_n1250,MIMIC_n1250_MID_S2_B03,middle,2,0.1206059342845932,4.142240867420165,0.24291921886677928,4.047430096978626,26.909088039113865,2.2852462728981475,1.084545504169356,0.8527932097945654,0.23939054436973,0.6690334777731726
MIMIC_n1250,MIMIC_n1250_END_S1_B01,end,1,0.029355926302068597,1.0082366041994733,0.056200053003662355,0.9363844780991284,12.244275052267563,1.0398414055081318,1.2325201969858315,0.9691477682434304,0.36753906306463563,1.0271748127187899
MIMIC_n1250,MIMIC_n1250_END_S2_B03,end,2,0.02902061654061131,0.9967203068846511,0.058678959729847595,0.9776871042888958,7.024484449574574,0.5965522459953986,1.2665966677835332,0.9959425710417692,0.31974206678293843,0.8935948054814667
