base_patient,synthetic_id,trunc_section,trunc_set,removed_n,removed_start,removed_gap,removed_end,kept_n,loss,smape_full,rmsle_full,smape_sparse,rmsle_sparse
MIMIC_n1250,MIMIC_n1250_START_S1_B01,start,1,1,1,0,0,7,0.006315901706272699,9.506168575448608,0.03078321602412825,6.084615510798787,0.02197272283305211
MIMIC_n1250,MIMIC_n1250_START_S2_B03,start,2,3,3,0,0,5,0.002701910656766742,60.359533276774194,0.6283330621128291,4.103092343680269,0.01624855225688402
MIMIC_n1250,MIMIC_n1250_MID_S1_B01,middle,1,1,0,1,0,7,0.004077992633933875,7.158279434434181,0.02332308004280798,5.595203735579611,0.017450907416430322
MIMIC_n1250,MIMIC_n1250_MID_S2_B03,middle,2,3,0,3,0,5,7.623074914182547e-6,16.524011015454597,0.07280126623581988,0.20848473203087656,0.0009419460461263102
MIMIC_n1250,MIMIC_n1250_END_S1_B01,end,1,1,0,0,1,7,0.006664945635561386,7.538233857234397,0.02336729226461347,7.173790199245936,0.021448873083963083
MIMIC_n1250,MIMIC_n1250_END_S2_B03,end,2,3,0,0,3,5,0.002724950302695421,13.537832535296088,0.053722577987341834,4.2961345313192885,0.010795082925054371
