patient_id,patient_idx,param_idx,param_name,class_label,theta_hat,theta_hat_exp,threshold,left_endpoint,right_endpoint,retcode_left,retcode_right
n1186,48,1,a,Identifiable,-4.127562832044431,0.016122123302757575,3.8414588206941245,-4.28710372696071,-3.8997643851811143,identifiable,identifiable
n1186,48,2,b,Practically identifiable,-0.23192597715678268,0.7930048216057297,3.8414588206941245,NaN,0.11127752414185038,failure,identifiable
n1186,48,3,Cs0,Practically identifiable,5.955943745850696,386.04106346899704,3.8414588206941245,4.20565743305769,NaN,identifiable,nonidentifiable
n1186,48,4,Cc0,Practically identifiable,5.684458264621165,294.2583916826277,3.8414588206941245,4.457584060080652,NaN,identifiable,nonidentifiable
n1186,48,5,Td,Identifiable,3.624163768092873,37.49335690534797,3.8414588206941245,3.245858882080664,4.384832843296941,identifiable,identifiable
