patient_id,patient_idx,param_idx,param_name,class_label,theta_hat,theta_hat_exp,threshold,left_endpoint,right_endpoint,retcode_left,retcode_right
n1250,52,1,a,Unidentifiable,-3.5082348284364038,0.029949734224408286,3.8414588206941245,NaN,NaN,nonidentifiable,failure
n1250,52,2,b,Practically identifiable,-2.7418210561462217,0.06445286766669456,3.8414588206941245,NaN,-1.146453497260765,nonidentifiable,identifiable
n1250,52,3,Cs0,Practically identifiable,1.4369924789747432,4.208021054946194,3.8414588206941245,-0.039659394432615847,NaN,identifiable,failure
n1250,52,4,Cc0,Identifiable,0.2485100155980602,1.2821136634401251,3.8414588206941245,-0.7714053530327822,4.338689607317486,identifiable,identifiable
n1250,52,5,Td,Identifiable,4.982829491515514,145.88658306741732,3.8414588206941245,4.684056030858821,5.795387274045475,identifiable,identifiable
