patient_id,patient_idx,param_idx,param_name,class_label,theta_hat,theta_hat_exp,threshold,left_endpoint,right_endpoint,retcode_left,retcode_right
n724,40,1,a,Identifiable,0.48355275878631304,1.6218261359360064,3.8414588206941245,0.31454559596036746,0.7116835421690412,identifiable,identifiable
n724,40,2,b,Practically identifiable,-6.9077551789821365,0.0010000001000000055,3.8414588206941245,NaN,-5.336647345249406,nonidentifiable,identifiable
n724,40,3,Cs0,Identifiable,0.796039414159977,2.2167439147680206,3.8414588206941245,0.7386131810552731,0.995449351447097,identifiable,identifiable
n724,40,4,Cc0,Identifiable,0.9594893651308081,2.6103631905753693,3.8414588206941245,0.927189076555354,0.9930922795519224,identifiable,identifiable
n724,40,5,Td,Identifiable,4.629144162694488,102.4263662829772,3.8414588206941245,4.423384493456789,4.905743308614029,identifiable,identifiable
