patient_id,patient_idx,param_idx,param_name,class_label,theta_hat,theta_hat_exp,threshold,left_endpoint,right_endpoint,retcode_left,retcode_right
n1477,45,1,a,Identifiable,-3.0134802392988926,0.04912043008895773,3.8414588206941245,-4.237869606689462,-2.2167070512466482,identifiable,identifiable
n1477,45,2,b,Identifiable,-2.360984024150993,0.09432735711506195,3.8414588206941245,-3.6025546200658396,-1.5615129788443876,identifiable,identifiable
n1477,45,3,Cs0,Identifiable,1.8796645663243026,6.5513069646115625,3.8414588206941245,0.8842234013918071,3.1446124770756336,identifiable,identifiable
n1477,45,4,Cc0,Identifiable,1.163531011830608,3.201216877794809,3.8414588206941245,0.5156354658198715,2.494797713210237,identifiable,identifiable
n1477,45,5,Td,Identifiable,4.836087658785141,125.9755271080257,3.8414588206941245,4.44863493975544,5.142159895775283,identifiable,identifiable
