patient_id,patient_idx,param_idx,param_name,class_label,theta_hat,theta_hat_exp,threshold,left_endpoint,right_endpoint,retcode_left,retcode_right
n750,5,1,a,Identifiable,-3.3817435658552686,0.033988142477504306,3.8414588206941245,-3.4029272849210885,-3.3611806566655473,identifiable,identifiable
n750,5,2,b,Identifiable,0.3818646867622613,1.4650138359549183,3.8414588206941245,0.37883295143905127,0.3849377749366894,identifiable,identifiable
n750,5,3,Cs0,Identifiable,2.9315049978953307,18.7558367610152,3.8414588206941245,2.9120507471499066,2.95178417531336,identifiable,identifiable
n750,5,4,Cc0,Identifiable,3.362657038205436,28.865786573092034,3.8414588206941245,3.340960148472863,3.3859461665496657,identifiable,identifiable
n750,5,5,Td,Identifiable,4.490445883721941,89.16119254118821,3.8414588206941245,4.460584482978424,4.517897030146579,identifiable,identifiable
