patient_id,patient_idx,param_idx,param_name,class_label,theta_hat,theta_hat_exp,threshold,left_endpoint,right_endpoint,retcode_left,retcode_right
n1437,11,1,a,Practically identifiable,-2.4990022967241012,0.08216693596370739,3.8414588206941245,-2.8153577483586063,NaN,identifiable,nonidentifiable
n1437,11,2,b,Identifiable,-4.692548791641073,0.009163301021937706,3.8414588206941245,-4.907049614338917,-4.452407300389646,identifiable,identifiable
n1437,11,3,Cs0,Identifiable,-1.2456810531409281,0.28774487183403125,3.8414588206941245,-1.3351360325954327,-1.1747052887984977,identifiable,identifiable
n1437,11,4,Cc0,Identifiable,-1.5787417154378764,0.20623443661768004,3.8414588206941245,-1.6442752672216436,-1.4355307351146314,identifiable,identifiable
n1437,11,5,Td,Identifiable,5.083647014104835,161.3614716839558,3.8414588206941245,4.8994025218444754,5.2637900908609065,identifiable,identifiable
