patient_id,patient_idx,param_idx,param_name,class_label,theta_hat,theta_hat_exp,threshold,left_endpoint,right_endpoint,retcode_left,retcode_right
n598,39,1,a,Identifiable,-2.2560510315907583,0.10476337623368957,3.8414588206941245,-2.3691575252190993,-2.191759490680749,identifiable,identifiable
n598,39,2,b,Identifiable,-4.83198339446484,0.007970696542405509,3.8414588206941245,-6.173492518018115,-4.360316972280422,identifiable,identifiable
n598,39,3,Cs0,Identifiable,2.933630008269536,18.795735486297712,3.8414588206941245,2.8690641685240625,3.0983617681125177,identifiable,identifiable
n598,39,4,Cc0,Identifiable,2.011381644749379,7.473636127347693,3.8414588206941245,1.968894701715046,2.109563213660987,identifiable,identifiable
n598,39,5,Td,Identifiable,4.297348743032411,73.50465540322872,3.8414588206941245,4.211412685069141,4.384282801310252,identifiable,identifiable
