patient_id,patient_idx,param_idx,param_name,class_label,theta_hat,theta_hat_exp,threshold,left_endpoint,right_endpoint,retcode_left,retcode_right
n1043,7,1,a,Identifiable,-3.914724328407382,0.019946046446211525,3.8414588206941245,-5.565385272459685,-2.6536284414676485,identifiable,identifiable
n1043,7,2,b,Practically identifiable,-2.879120949274351,0.056184129833006344,3.8414588206941245,NaN,-1.9428032367436712,failure,identifiable
n1043,7,3,Cs0,Identifiable,2.146132008028256,8.551716371684128,3.8414588206941245,1.1235176307299792,4.105826204745424,identifiable,identifiable
n1043,7,4,Cc0,Practically identifiable,0.901439200654321,2.4631455220725016,3.8414588206941245,NaN,2.5862838355885,failure,identifiable
n1043,7,5,Td,Identifiable,3.1257475690980154,22.77691604915025,3.8414588206941245,2.773657849866719,3.373394408378305,identifiable,identifiable
