patient_id,patient_idx,param_idx,param_name,class_label,theta_hat,theta_hat_exp,threshold,left_endpoint,right_endpoint,retcode_left,retcode_right
n1295,35,1,a,Identifiable,-2.4112257870170994,0.08970526759881858,3.8414588206941245,-3.4990791404630732,-1.990479303578683,identifiable,identifiable
n1295,35,2,b,Identifiable,-2.8231241602017936,0.05942001478048214,3.8414588206941245,-3.0805851890893834,-1.5659207260777506,identifiable,identifiable
n1295,35,3,Cs0,Practically identifiable,1.1188489351884339,3.061328387077794,3.8414588206941245,NaN,2.479657990258963,failure,identifiable
n1295,35,4,Cc0,Unidentifiable,0.033551243226443477,1.034120434036141,3.8414588206941245,NaN,NaN,failure,failure
n1295,35,5,Td,Identifiable,4.872740028793987,130.67848961727532,3.8414588206941245,4.713098408819992,5.026062647538713,identifiable,identifiable
