patient_id,patient_idx,param_idx,param_name,class_label,theta_hat,theta_hat_exp,threshold,left_endpoint,right_endpoint,retcode_left,retcode_right
n270,50,1,a,Identifiable,-4.345057307658548,0.012970764902302284,3.8414588206941245,-4.516589466328193,-4.202740632962896,identifiable,identifiable
n270,50,2,b,Identifiable,1.1582413534087068,3.1843282409163365,3.8414588206941245,0.8535169670111433,1.2054585104152604,identifiable,identifiable
n270,50,3,Cs0,Unidentifiable,6.214607998422191,499.9999500000022,3.8414588206941245,NaN,NaN,failure,nonidentifiable
n270,50,4,Cc0,Practically identifiable,5.597091518329246,269.64101987316707,3.8414588206941245,5.322346697039842,NaN,identifiable,nonidentifiable
n270,50,5,Td,Identifiable,5.142528996409112,171.1480542808039,3.8414588206941245,4.988866176586531,5.285449149245874,identifiable,identifiable
