patient_id,patient_idx,param_idx,param_name,class_label,theta_hat,theta_hat_exp,threshold,left_endpoint,right_endpoint,retcode_left,retcode_right
n463,46,1,a,Identifiable,-2.046766646659794,0.12915182267846223,3.8414588206941245,-3.35919712010225,-0.8161472770727175,identifiable,identifiable
n463,46,2,b,Identifiable,-1.388642351751219,0.24941369093562607,3.8414588206941245,-2.671042629980926,-0.13090185083083056,identifiable,identifiable
n463,46,3,Cs0,Identifiable,3.7624208113401174,43.05252196294572,3.8414588206941245,2.6175168309464323,5.219443960276125,identifiable,identifiable
n463,46,4,Cc0,Identifiable,1.2961057136104521,3.655035162762976,3.8414588206941245,0.34863935594798534,2.852306484758205,identifiable,identifiable
n463,46,5,Td,Practically identifiable,5.759853664547633,317.3018930042733,3.8414588206941245,5.590633059341192,NaN,identifiable,nonidentifiable
