patient_id,patient_idx,param_idx,param_name,class_label,theta_hat,theta_hat_exp,threshold,left_endpoint,right_endpoint,retcode_left,retcode_right
n281,56,1,a,Identifiable,-2.75023829054843,0.06391262961644473,3.8414588206941245,-4.226781565310316,-2.320105150672013,identifiable,identifiable
n281,56,2,b,Identifiable,-3.348527584123309,0.03513605091110873,3.8414588206941245,-3.6896751738462017,-1.7116699856595883,identifiable,identifiable
n281,56,3,Cs0,Identifiable,2.234274672634657,9.339705051136288,3.8414588206941245,1.8459235600045898,3.978757893119218,identifiable,identifiable
n281,56,4,Cc0,Practically identifiable,1.6171967915392427,5.038945286032746,3.8414588206941245,1.489055064889158,NaN,identifiable,failure
n281,56,5,Td,Practically identifiable,5.453547414753341,233.5853219246714,3.8414588206941245,5.214401679017226,NaN,identifiable,nonidentifiable
