patient_id,patient_idx,param_idx,param_name,class_label,theta_hat,theta_hat_exp,threshold,left_endpoint,right_endpoint,retcode_left,retcode_right
n1283,28,1,a,Practically identifiable,-0.8997796565477032,0.4066592545734804,3.8414588206941245,-2.233215878800526,NaN,identifiable,nonidentifiable
n1283,28,2,b,Identifiable,-1.1065292815529018,0.33070475465407995,3.8414588206941245,-1.9636446440064814,0.5132363470411063,identifiable,identifiable
n1283,28,3,Cs0,Practically identifiable,4.606898639244455,100.17299478927055,3.8414588206941245,3.836484699353543,NaN,identifiable,nonidentifiable
n1283,28,4,Cc0,Practically identifiable,-6.9077551789821365,0.0010000001000000055,3.8414588206941245,NaN,2.2770158735500106,nonidentifiable,identifiable
n1283,28,5,beta,Identifiable,-2.2325122907938817,0.10725862650518073,3.8414588206941245,-2.299272106702333,-2.157719431424822,identifiable,identifiable
