patient_id,patient_idx,param_idx,param_name,class_label,theta_hat,theta_hat_exp,threshold,left_endpoint,right_endpoint,retcode_left,retcode_right
n270,50,1,a,Identifiable,-3.327250732088738,0.03589164529754043,3.8414588206941245,-3.8799415352481694,-2.7409288285615645,identifiable,identifiable
n270,50,2,b,Identifiable,1.162160226622243,3.196831703302789,3.8414588206941245,0.6950849695775917,1.204235654972246,identifiable,identifiable
n270,50,3,Cs0,Practically identifiable,6.214607998422191,499.9999500000022,3.8414588206941245,5.754565974135431,NaN,identifiable,nonidentifiable
n270,50,4,Cc0,Identifiable,4.567539160799879,96.30682232584621,3.8414588206941245,3.809794797008502,5.04009650782066,identifiable,identifiable
n270,50,5,beta,Identifiable,-2.1239170688826605,0.11956237600167657,3.8414588206941245,-2.2657268597284435,-1.997582363643264,identifiable,identifiable
