patient_id,patient_idx,param_idx,param_name,class_label,theta_hat,theta_hat_exp,threshold,left_endpoint,right_endpoint,retcode_left,retcode_right
n1001,6,1,a,Unidentifiable,0.08937543094791381,1.0934911096769053,3.8414588206941245,NaN,NaN,failure,nonidentifiable
n1001,6,2,b,Practically identifiable,-6.9077551789821365,0.0010000001000000055,3.8414588206941245,NaN,-4.204648932085249,nonidentifiable,identifiable
n1001,6,3,Cs0,Identifiable,1.3440422554015106,3.834512297946575,3.8414588206941245,1.1922797459082215,1.6107231624346705,identifiable,identifiable
n1001,6,4,Cc0,Identifiable,-3.200224930186818,0.04075303635928603,3.8414588206941245,-3.385259539390636,-2.9252972446070142,identifiable,identifiable
n1001,6,5,beta,Identifiable,-1.0133913063505908,0.362985893501213,3.8414588206941245,-1.0497667377832491,-0.595530512986138,identifiable,identifiable
