patient_id,patient_idx,param_idx,param_name,class_label,theta_hat,theta_hat_exp,threshold,left_endpoint,right_endpoint,retcode_left,retcode_right
n240,13,1,a,Practically identifiable,1.6095076470716119,5.0003486853451395,3.8414588206941245,-2.062965342661126,NaN,identifiable,nonidentifiable
n240,13,2,b,Identifiable,1.4072356498367173,4.084648384562086,3.8414588206941245,-1.3837701206327422,1.6692190054646778,identifiable,identifiable
n240,13,3,Cs0,Practically identifiable,6.214607998422191,499.9999500000022,3.8414588206941245,4.741511090468108,NaN,identifiable,nonidentifiable
n240,13,4,Cc0,Identifiable,-0.8548178654202565,0.42536065691194286,3.8414588206941245,-3.178486785676319,0.618345694538785,identifiable,identifiable
n240,13,5,beta,Identifiable,-0.5123767914699136,0.599070020840935,3.8414588206941245,-0.5791259118327853,-0.5003777479749393,identifiable,identifiable
