patient_id,patient_idx,param_idx,param_name,class_label,theta_hat,theta_hat_exp,threshold,left_endpoint,right_endpoint,retcode_left,retcode_right
n750,5,1,a,Identifiable,-1.7087941559022155,0.18108402011336672,3.8414588206941245,-2.321520299096032,-1.15281466292993,identifiable,identifiable
n750,5,2,b,Practically identifiable,-1.080824230595717,0.33931573594398967,3.8414588206941245,NaN,-0.4775734547985173,failure,identifiable
n750,5,3,Cs0,Identifiable,1.8697873866663461,6.486917047599001,3.8414588206941245,1.2681050908023255,2.451142275150274,identifiable,identifiable
n750,5,4,Cc0,Identifiable,1.193014300292938,3.2970044054653687,3.8414588206941245,0.7204234258623752,1.8889499580957227,identifiable,identifiable
n750,5,5,beta,Practically identifiable,-4.819382382213619,0.008071770869177422,3.8414588206941245,NaN,-4.174783007216252,nonidentifiable,identifiable
