patient_id,patient_idx,param_idx,param_name,class_label,theta_hat,theta_hat_exp,threshold,left_endpoint,right_endpoint,retcode_left,retcode_right
n78,25,1,a,Identifiable,0.6713053952728214,1.9567900385867436,3.8414588206941245,-0.15746937476966494,1.6474508982977731,identifiable,identifiable
n78,25,2,b,Identifiable,-2.63090454673924,0.0720132933793617,3.8414588206941245,-3.0854407169360765,-2.249194765175931,identifiable,identifiable
n78,25,3,Cs0,Identifiable,2.625401215412148,13.810113905224728,3.8414588206941245,2.0120069015114876,3.204118979139425,identifiable,identifiable
n78,25,4,Cc0,Identifiable,0.6945266402244412,2.002760823113255,3.8414588206941245,0.2578634972122451,1.1541487545855185,identifiable,identifiable
n78,25,5,Td,Identifiable,4.5317213358888475,92.91836722286413,3.8414588206941245,3.9298915796979763,4.757170703478389,identifiable,identifiable
