patient_id,patient_idx,param_idx,param_name,class_label,theta_hat,theta_hat_exp,threshold,left_endpoint,right_endpoint,retcode_left,retcode_right
n7,4,1,a,Identifiable,-3.5593179567950686,0.02845822783746908,3.8414588206941245,-3.8285899640434056,-3.3574858275197603,identifiable,identifiable
n7,4,2,b,Identifiable,0.4334232781260028,1.5425290013219917,3.8414588206941245,0.08672594069485338,0.9632480914034751,identifiable,identifiable
n7,4,3,Cs0,Practically identifiable,5.331313389119267,206.70928567516626,3.8414588206941245,5.00904781513304,NaN,identifiable,nonidentifiable
n7,4,4,Cc0,Practically identifiable,4.669985199009074,106.69616321182028,3.8414588206941245,NaN,5.2177101136219015,failure,identifiable
n7,4,5,Td,Identifiable,3.5569059281614552,35.05456782718501,3.8414588206941245,3.1496835636864278,3.816171014993909,identifiable,identifiable
