patient_id,patient_idx,param_idx,param_name,class_label,theta_hat,theta_hat_exp,threshold,left_endpoint,right_endpoint,retcode_left,retcode_right
n281,56,1,a,Unidentifiable,-3.2846694744307667,0.03745296220947174,3.8414588206941245,NaN,NaN,failure,failure
n281,56,2,b,Unidentifiable,-1.628453006561408,0.1962329104616745,3.8414588206941245,NaN,NaN,failure,failure
n281,56,3,Cs0,Practically identifiable,4.166633520802169,64.49795518894204,3.8414588206941245,1.9238483343020898,NaN,identifiable,failure
n281,56,4,Cc0,Practically identifiable,2.419679547258091,11.24225612578602,3.8414588206941245,1.0228016220603162,NaN,identifiable,failure
n281,56,5,beta,Practically identifiable,-1.820288869091048,0.16197895346197913,3.8414588206941245,NaN,-1.5337085305086957,failure,identifiable
