patient_id,patient_idx,param_idx,param_name,class_label,theta_hat,theta_hat_exp,threshold,left_endpoint,right_endpoint,retcode_left,retcode_right
n270,50,1,a,Identifiable,-3.327250732117839,0.03589164529649594,3.8414588206941245,-3.8849422411665384,-2.7413742612411416,identifiable,identifiable
n270,50,2,b,Identifiable,1.1621602265430544,3.196831703049636,3.8414588206941245,0.6950488957913957,1.2203098190037533,identifiable,identifiable
n270,50,3,Cs0,Practically identifiable,6.214608097513902,499.99999954585513,3.8414588206941245,5.724973205841015,NaN,identifiable,nonidentifiable
n270,50,4,Cc0,Practically identifiable,4.567539160796836,96.30682232555316,3.8414588206941245,3.810268064215662,NaN,identifiable,failure
n270,50,5,beta,Identifiable,-2.1239170689674913,0.11956237599153399,3.8414588206941245,-2.2804345034777596,-1.9809088980152845,identifiable,identifiable
