patient_id,patient_idx,param_idx,param_name,class_label,theta_hat,theta_hat_exp,threshold,left_endpoint,right_endpoint,retcode_left,retcode_right
n377,21,1,a,Unidentifiable,1.6101896186315823,5.003759943996962,3.8414588206941245,NaN,NaN,failure,failure
n377,21,2,b,Unidentifiable,-1.1150970053229294,0.32788347091486225,3.8414588206941245,NaN,NaN,failure,failure
n377,21,3,Cs0,Practically identifiable,4.86589671588443,129.78726875195838,3.8414588206941245,4.696565405588918,NaN,identifiable,failure
n377,21,4,Cc0,Identifiable,3.74510784673105,42.313570353015464,3.8414588206941245,3.586845319471141,3.893613573152935,identifiable,identifiable
n377,21,5,beta,Identifiable,-1.4461639379152305,0.2354718423857274,3.8414588206941245,-1.488586600717312,-1.3905763240652032,identifiable,identifiable
