Complexity,Loss,Equation
1,2.4909218773031464e-5,"0.009845310017522233"
