patient_id,patient_idx,param_idx,param_name,class_label,theta_hat,theta_hat_exp,threshold,left_endpoint,right_endpoint,retcode_left,retcode_right
n1283,28,1,a,Identifiable,-3.4156486644111266,0.03285508786165433,3.8414588206941245,-4.546124047729042,-2.693422574799637,identifiable,identifiable
n1283,28,2,b,Identifiable,-2.7238799958415822,0.06561965586387306,3.8414588206941245,-3.8341186279023844,-2.0334682507838666,identifiable,identifiable
n1283,28,3,Cs0,Identifiable,3.001867390501432,20.123079506476195,3.8414588206941245,2.184799522835726,4.142968732659124,identifiable,identifiable
n1283,28,4,Cc0,Identifiable,1.8783922557649049,6.542976967877733,3.8414588206941245,1.2960655049490184,3.027896817030711,identifiable,identifiable
n1283,28,5,Td,Identifiable,4.735124608609659,113.87764796952497,3.8414588206941245,4.542130787735854,4.9192015534179925,identifiable,identifiable
