patient_id,patient_idx,param_idx,param_name,class_label,theta_hat,theta_hat_exp,threshold,left_endpoint,right_endpoint,retcode_left,retcode_right
n253,53,1,a,Practically identifiable,-2.1523913279994,0.11620593873459732,3.8414588206941245,-2.44382522208965,NaN,identifiable,failure
n253,53,2,b,Identifiable,-3.75956223268447,0.023293935466792603,3.8414588206941245,-4.176339989683404,-3.449716110665375,identifiable,identifiable
n253,53,3,Cs0,Identifiable,2.017948967072365,7.522879426040724,3.8414588206941245,1.7493633141595968,2.296528439118939,identifiable,identifiable
n253,53,4,Cc0,Identifiable,1.3158304935257124,3.727845651701713,3.8414588206941245,1.2224094799359266,1.467346488262005,identifiable,identifiable
n253,53,5,Td,Practically identifiable,5.194497987258551,180.27761841527175,3.8414588206941245,4.958648836895457,NaN,identifiable,nonidentifiable
