patient_id,patient_idx,param_idx,param_name,class_label,theta_hat,theta_hat_exp,threshold,left_endpoint,right_endpoint,retcode_left,retcode_right
n1280,19,1,a,Unidentifiable,-1.4090431913561732,0.24437699334722754,3.8414588206941245,NaN,NaN,nonidentifiable,nonidentifiable
n1280,19,2,b,Practically identifiable,-6.9077551789821365,0.0010000001000000055,3.8414588206941245,NaN,-3.6665279400482,nonidentifiable,identifiable
n1280,19,3,Cs0,Identifiable,1.3826687852768842,3.9855239544854912,3.8414588206941245,1.2652576115179286,1.7872231681046173,identifiable,identifiable
n1280,19,4,Cc0,Identifiable,-1.6960750292687665,0.18340196053648944,3.8414588206941245,-1.8174867450289518,-1.3727124114705327,identifiable,identifiable
n1280,19,5,Td,Identifiable,4.737669416829795,114.16781379576354,3.8414588206941245,4.542558858517686,4.872904553625974,identifiable,identifiable
