patient_id,patient_idx,param_idx,param_name,class_label,theta_hat,theta_hat_exp,threshold,left_endpoint,right_endpoint,retcode_left,retcode_right
n488,2,1,a,Identifiable,-2.2391580002133056,0.1065481801654303,3.8414588206941245,-2.5630070374228433,-1.909027934390713,identifiable,identifiable
n488,2,2,b,Practically identifiable,-6.9077551789821365,0.0010000001000000055,3.8414588206941245,NaN,-4.525775842991704,nonidentifiable,identifiable
n488,2,3,Cs0,Identifiable,1.4182170808062549,4.129750860446477,3.8414588206941245,1.3428110831391735,1.7142601959820596,identifiable,identifiable
n488,2,4,Cc0,Identifiable,0.5998467745126614,1.821839626738136,3.8414588206941245,0.5112045013898209,0.7587726487183268,identifiable,identifiable
n488,2,5,Td,Practically identifiable,4.290873378852471,73.03022370733227,3.8414588206941245,4.117715576038771,NaN,identifiable,failure
