patient_id,patient_idx,param_idx,param_name,class_label,theta_hat,theta_hat_exp,threshold,left_endpoint,right_endpoint,retcode_left,retcode_right
n772,17,1,a,Identifiable,-0.3703717293585508,0.6904776121255579,3.8414588206941245,-0.8409337498368937,0.2587637298112114,identifiable,identifiable
n772,17,2,b,Practically identifiable,-5.367704579741523,0.0046648267681677034,3.8414588206941245,NaN,-3.567767569884839,nonidentifiable,identifiable
n772,17,3,Cs0,Identifiable,-0.3770588302793385,0.6858757224487452,3.8414588206941245,-0.5959787972544001,0.13173215946003478,identifiable,identifiable
n772,17,4,Cc0,Identifiable,-0.9945296783754995,0.36989737437338666,3.8414588206941245,-1.1381440377663006,-0.7791598657954808,identifiable,identifiable
n772,17,5,Td,Identifiable,4.53211687059826,92.95512693163387,3.8414588206941245,4.130406042625007,4.7605987672648915,identifiable,identifiable
