patient_id,patient_idx,param_idx,param_name,class_label,theta_hat,theta_hat_exp,threshold,left_endpoint,right_endpoint,retcode_left,retcode_right
n1341,27,1,a,Identifiable,0.048823093984993585,1.0500345768756416,3.8414588206941245,-0.4588939201809686,0.7314389181111458,identifiable,identifiable
n1341,27,2,b,Practically identifiable,-6.9077551789821365,0.0010000001000000055,3.8414588206941245,NaN,-3.869135554335833,nonidentifiable,identifiable
n1341,27,3,Cs0,Identifiable,1.9257937186246847,6.860591884976701,3.8414588206941245,1.7970176145874173,2.4449502980227935,identifiable,identifiable
n1341,27,4,Cc0,Identifiable,-0.7771702221747153,0.45970503557919135,3.8414588206941245,-1.0605115385041992,-0.5106000444584536,identifiable,identifiable
n1341,27,5,Td,Identifiable,3.876237461888912,48.242359450531204,3.8414588206941245,3.7288755691353463,4.041122353686351,identifiable,identifiable
