patient_id,patient_idx,param_idx,param_name,class_label,theta_hat,theta_hat_exp,threshold,left_endpoint,right_endpoint,retcode_left,retcode_right
n606,15,1,a,Unidentifiable,-0.967429160876591,0.3800588534034034,3.8414588206941245,NaN,NaN,nonidentifiable,nonidentifiable
n606,15,2,b,Unidentifiable,-3.3148207853508005,0.036340560754631136,3.8414588206941245,NaN,NaN,nonidentifiable,nonidentifiable
n606,15,3,Cs0,Practically identifiable,4.163787028523408,64.3146233076805,3.8414588206941245,2.046296315914248,NaN,identifiable,nonidentifiable
n606,15,4,Cc0,Identifiable,-1.8876482469906282,0.15142751051473813,3.8414588206941245,-3.3198933271731113,2.157779162005645,identifiable,identifiable
n606,15,5,Td,Practically identifiable,6.214607998422191,499.9999500000022,3.8414588206941245,5.637808537857703,NaN,identifiable,nonidentifiable
