patient_id,patient_idx,param_idx,param_name,class_label,theta_hat,theta_hat_exp,threshold,left_endpoint,right_endpoint,retcode_left,retcode_right
n1191,36,1,a,Identifiable,-2.446106261122075,0.08663024619917252,3.8414588206941245,-3.238682342054229,-1.737188266682713,identifiable,identifiable
n1191,36,2,b,Practically identifiable,-4.447542528304691,0.01170730201148072,3.8414588206941245,NaN,-1.4809353349464474,nonidentifiable,identifiable
n1191,36,3,Cs0,Practically identifiable,-6.9077551789821365,0.0010000001000000055,3.8414588206941245,NaN,-0.41432544255628956,nonidentifiable,identifiable
n1191,36,4,Cc0,Identifiable,0.41665632883760156,1.5168811150494785,3.8414588206941245,-1.3174900004112657,0.9237097144426036,identifiable,identifiable
n1191,36,5,Td,Practically identifiable,0.34597248301701855,1.41336372377705,3.8414588206941245,NaN,1.7699695623469225,nonidentifiable,identifiable
