patient_id,patient_idx,param_idx,param_name,class_label,theta_hat,theta_hat_exp,threshold,left_endpoint,right_endpoint,retcode_left,retcode_right
n1461,29,1,a,Practically identifiable,1.035760483236279,2.8172478909678778,3.8414588206941245,-2.5032243572823347,NaN,identifiable,nonidentifiable
n1461,29,2,b,Identifiable,-3.3128506054955427,0.03641222877161809,3.8414588206941245,-3.914568149237523,-2.432914942486802,identifiable,identifiable
n1461,29,3,Cs0,Identifiable,-1.3701375560198055,0.2540720080147917,3.8414588206941245,-1.9106712747348782,0.497304394070302,identifiable,identifiable
n1461,29,4,Cc0,Identifiable,-1.4004025983249324,0.24649770439919363,3.8414588206941245,-1.587445191369615,-1.2049508900099601,identifiable,identifiable
n1461,29,5,Td,Practically identifiable,5.422124908531943,226.35960528681903,3.8414588206941245,4.789102610457519,NaN,identifiable,nonidentifiable
