patient_id,patient_idx,param_idx,param_name,class_label,theta_hat,theta_hat_exp,threshold,left_endpoint,right_endpoint,retcode_left,retcode_right
n1255,31,1,a,Practically identifiable,-5.499155788812005,0.0040902229933508305,3.8414588206941245,NaN,-4.435159274464185,failure,identifiable
n1255,31,2,b,Practically identifiable,-0.8322004563543477,0.43509083380184543,3.8414588206941245,NaN,0.08274260733642669,failure,identifiable
n1255,31,3,Cs0,Practically identifiable,6.214607998422191,499.9999500000022,3.8414588206941245,4.295961338560939,NaN,identifiable,nonidentifiable
n1255,31,4,Cc0,Identifiable,3.4097668706240905,30.258189364277737,3.8414588206941245,1.5541803338193778,3.554550476323118,identifiable,identifiable
n1255,31,5,Td,Identifiable,4.23678592921041,69.18512820608558,3.8414588206941245,4.0963289347824965,4.349826997596112,identifiable,identifiable
