patient_id,patient_idx,param_idx,param_name,class_label,theta_hat,theta_hat_exp,threshold,left_endpoint,right_endpoint,retcode_left,retcode_right
n998,24,1,a,Identifiable,-2.944053433161271,0.052651874754609626,3.8414588206941245,-3.953755902187271,-2.180267092485645,identifiable,identifiable
n998,24,2,b,Practically identifiable,-2.263720819064172,0.10396293692652456,3.8414588206941245,NaN,-1.568103675450125,failure,identifiable
n998,24,3,Cs0,Identifiable,1.8220503918270525,6.184526160453997,3.8414588206941245,0.7716487015224599,2.7287784713943966,identifiable,identifiable
n998,24,4,Cc0,Identifiable,1.693901263834272,5.440664824758281,3.8414588206941245,1.082936281820334,2.7429135395111124,identifiable,identifiable
n998,24,5,Td,Identifiable,4.728618678810427,113.13917282465135,3.8414588206941245,2.4796365056904603,5.270772553491176,identifiable,identifiable
