patient_id,patient_idx,param_idx,param_name,class_label,theta_hat,theta_hat_exp,threshold,left_endpoint,right_endpoint,retcode_left,retcode_right
n1212,38,1,a,Identifiable,-4.516717017694913,0.010924830885647278,3.8414588206941245,-5.729936641521242,-3.8947282750619294,identifiable,identifiable
n1212,38,2,b,Identifiable,-0.3955403094019244,0.673316141907203,3.8414588206941245,-2.2012768932315514,-0.008017800196455746,identifiable,identifiable
n1212,38,3,Cs0,Practically identifiable,6.214607998422191,499.9999500000022,3.8414588206941245,4.232984180276681,NaN,identifiable,nonidentifiable
n1212,38,4,Cc0,Unidentifiable,-6.907754906839237,0.001000000372142969,3.8414588206941245,NaN,NaN,nonidentifiable,nonidentifiable
n1212,38,5,Td,Identifiable,3.118882845598781,22.621094266949765,3.8414588206941245,2.334442947350625,3.2871924888499966,identifiable,identifiable
