trunc_section,smape_full_median,rmsle_full_median,loss_median
start,40.94145149266259,0.200279383279364,0.34551947444675774
middle,35.34724576893518,0.2639904216036494,0.3827756569710539
end,34.70546907512349,0.5289465677505452,0.0036050566277213217
