base_patient,removed_n_mean,smape_full_median,rmsle_full_median,loss_median
MIMIC_n606,4.5,67.97616617284143,0.4803553659203236,0.7128922811594468
UMG_n107,1.5,5.283160046790057,0.02002628407414107,0.0008985096882836388
