base_patient,synthetic_id,trunc_section,trunc_set,a,a_ratio_vs_full,b,b_ratio_vs_full,Cs0,Cs0_ratio_vs_full,Cc0,Cc0_ratio_vs_full,beta,beta_ratio_vs_full
MIMIC_n606,MIMIC_n606_START_S1_B03,start,1,9.999999999896215,3.613282840948092,0.25374759675560615,0.7608094008677475,499.9999999999665,1.0000000000004183,0.0010000000005178963,1.0000000004280383,0.6826416533622712,1.0041251918191256
MIMIC_n606,MIMIC_n606_START_S2_B06,start,2,9.999999999898595,3.613282840948952,0.23982284188425415,0.7190589191041423,499.99999999996567,1.0000000000004166,273.09881598306697,273098.81595852686,0.6832216323623939,1.0049783063659465
MIMIC_n606,MIMIC_n606_MID_S1_B03,middle,1,9.999999999866153,3.61328284093723,0.5030324327275817,1.5082381415778334,499.9999999999017,1.0000000000002887,0.02897727821249117,28.977278209887327,0.6784645001489497,0.9979808483690514
MIMIC_n606,MIMIC_n606_MID_S2_B06,middle,2,9.99999999942993,3.6132828407796103,0.00987673759286962,0.02961334375827178,65.83389885336028,0.13166779770678444,0.08356669316509344,83.5666931575843,0.4134506675510282,0.6081612934364884
MIMIC_n606,MIMIC_n606_END_S1_B03,end,1,1.1116939683472036,0.40168647402561314,0.05156297315824474,0.15460085225267148,8.26903816547915,0.016538076330966326,0.1774514722168246,177.45147220087918,0.3742568600469222,0.5505095382522838
MIMIC_n606,MIMIC_n606_END_S2_B06,end,2,0.2524150659774266,0.09120470267024818,0.11365270824274822,0.34076401105167037,11.648076699156846,0.023296153398324995,0.2661454856715423,266.14548564762697,0.3600070901483986,0.5295489759100089
