patient_id,param,class,theta_hat,ci_low,ci_high,ci_low_exp,ci_high_exp,width_ratio,threshold_loss
n606,a,practically_identifiable,0.09441147509450572,-1.1555885249054942,-1.1555885249054942,0.3148721722474906,0.3148721722474906,1.0,1.0377779141697152
n606,b,practically_identifiable,-1.0823161693459256,-2.3323161693459253,-2.3323161693459253,0.09707065443961138,0.09707065443961138,1.0,1.0377779141697152
n606,Cs0,practically_identifiable,6.214608098422162,4.964608098422162,4.964608098422162,143.2523984300908,143.2523984300908,1.0,1.0377779141697152
n606,Cc0,practically_identifiable,-2.4691860490017814,-3.7191860490017814,-3.7191860490017814,0.02425370113788689,0.02425370113788689,1.0,1.0377779141697152
n606,beta,practically_identifiable,-8.586277217625413e-18,-1.25,-1.25,0.2865047968601901,0.2865047968601901,1.0,1.0377779141697152
