patient_id,patient_idx,param_idx,param_name,class_label,theta_hat,theta_hat_exp,threshold,left_endpoint,right_endpoint,retcode_left,retcode_right
n598,39,1,a,Practically identifiable,-1.7533502384327506,0.17319273344616345,3.8414588206941245,-2.280366057082432,NaN,identifiable,failure
n598,39,2,b,Identifiable,-2.3318927446685733,0.09711176525320009,3.8414588206941245,-3.428541063020968,-1.5062505625114655,identifiable,identifiable
n598,39,3,Cs0,Identifiable,4.498095702780799,89.8458750408682,3.8414588206941245,3.752264059883564,5.248432171672327,identifiable,identifiable
n598,39,4,Cc0,Identifiable,1.6814159254858372,5.373158579660596,3.8414588206941245,0.6593933525908547,1.9679874770789783,identifiable,identifiable
n598,39,5,beta,Identifiable,-2.9100022622983803,0.05447560662897382,3.8414588206941245,-3.4841955994882325,-2.7648439162036884,identifiable,identifiable
