patient_id,patient_idx,param_idx,param_name,class_label,theta_hat,theta_hat_exp,threshold,left_endpoint,right_endpoint,retcode_left,retcode_right
n253,53,1,a,Unidentifiable,1.608624216381473,4.995933174541162,3.8414588206941245,NaN,NaN,failure,nonidentifiable
n253,53,2,b,Identifiable,-2.7610867663865517,0.06322302235543144,3.8414588206941245,-2.995053738305907,-2.5254398007232486,identifiable,identifiable
n253,53,3,Cs0,Identifiable,3.0961171519666637,22.111927127401692,3.8414588206941245,2.8902674933131713,3.3183625305614886,identifiable,identifiable
n253,53,4,Cc0,Identifiable,0.8133480060279689,2.25544660880055,3.8414588206941245,0.7539026773846829,1.0086468856376662,identifiable,identifiable
n253,53,5,beta,Identifiable,-1.9580479161123916,0.14113365692944566,3.8414588206941245,-2.0652812209797955,-1.9070089974084308,identifiable,identifiable
