patient_id,patient_idx,param_idx,param_name,class_label,theta_hat,theta_hat_exp,threshold,left_endpoint,right_endpoint,retcode_left,retcode_right
n736,9,1,a,Practically identifiable,1.6815201597133482,5.373718675884533,3.8414588206941245,-0.9367283400068986,NaN,identifiable,nonidentifiable
n736,9,2,b,Identifiable,0.27191856102525497,1.3124801099240795,3.8414588206941245,-0.6107452293699246,0.4447565099172265,identifiable,identifiable
n736,9,3,Cs0,Practically identifiable,6.214607998422191,499.9999500000022,3.8414588206941245,5.491729141456774,NaN,identifiable,nonidentifiable
n736,9,4,Cc0,Unidentifiable,0.9703713477890981,2.638924236104603,3.8414588206941245,NaN,NaN,nonidentifiable,failure
n736,9,5,beta,Identifiable,-1.178391646486854,0.3077733490875106,3.8414588206941245,-1.224046055920637,-1.151955339888244,identifiable,identifiable
