patient_id,patient_idx,param_idx,param_name,class_label,theta_hat,theta_hat_exp,threshold,left_endpoint,right_endpoint,retcode_left,retcode_right
n713,3,1,a,Practically identifiable,-0.25732084827000795,0.7731201197143852,3.8414588206941245,-2.6798970602879413,NaN,identifiable,nonidentifiable
n713,3,2,b,Practically identifiable,-5.5415995025127085,0.003920251368914001,3.8414588206941245,NaN,-3.8794114242530715,nonidentifiable,identifiable
n713,3,3,Cs0,Identifiable,2.347691499273704,10.461391697636374,3.8414588206941245,1.6220881108421967,2.9701492539558156,identifiable,identifiable
n713,3,4,Cc0,Identifiable,-0.8278793708106468,0.4369749663312261,3.8414588206941245,-1.0887831179773615,-0.42195876190800935,identifiable,identifiable
n713,3,5,beta,Identifiable,-0.3748761489331062,0.6873744055728277,3.8414588206941245,-0.5155601664433017,-0.3195259546047833,identifiable,identifiable
