patient_id,patient_idx,param_idx,param_name,class_label,theta_hat,theta_hat_exp,threshold,left_endpoint,right_endpoint,retcode_left,retcode_right
n1001,6,1,a,Unidentifiable,0.08937543094791381,1.0934911096769053,3.8414588206941245,NaN,NaN,failure,failure
n1001,6,2,b,Practically identifiable,-6.9077551789821365,0.0010000001000000055,3.8414588206941245,NaN,-4.221498979130232,nonidentifiable,identifiable
n1001,6,3,Cs0,Identifiable,1.3440422554015106,3.834512297946575,3.8414588206941245,1.2256565931820558,2.1103411456169114,identifiable,identifiable
n1001,6,4,Cc0,Practically identifiable,-3.200224930186818,0.04075303635928603,3.8414588206941245,-3.3645271867710607,NaN,identifiable,failure
n1001,6,5,beta,Identifiable,-1.0133913063505908,0.362985893501213,3.8414588206941245,-1.052449732298334,-0.6000986850792964,identifiable,identifiable
