patient_id,patient_idx,param_idx,param_name,class_label,theta_hat,theta_hat_exp,threshold,left_endpoint,right_endpoint,retcode_left,retcode_right
n1000,41,1,a,Identifiable,-2.178454973718429,0.11321631776678069,3.8414588206941245,-3.0565222744635556,-0.8751641880985355,identifiable,identifiable
n1000,41,2,b,Identifiable,-1.6202159391910496,0.19785596961227458,3.8414588206941245,-2.612994156463342,-0.6846386758503218,identifiable,identifiable
n1000,41,3,Cs0,Identifiable,1.9924220720941104,7.33327398786876,3.8414588206941245,0.85372909468394,2.996476383852645,identifiable,identifiable
n1000,41,4,Cc0,Identifiable,0.24771176617897575,1.281090625327197,3.8414588206941245,-0.3655890583158865,1.3315754197543013,identifiable,identifiable
n1000,41,5,beta,Practically identifiable,-3.32267691676757,0.03605618305051085,3.8414588206941245,NaN,-3.1189005836680606,failure,identifiable
