patient_id,patient_idx,param_idx,param_name,class_label,theta_hat,theta_hat_exp,threshold,left_endpoint,right_endpoint,retcode_left,retcode_right
n441,47,1,a,Practically identifiable,-3.5610696315579937,0.028408421912594663,3.8414588206941245,-5.748835638306284,NaN,identifiable,failure
n441,47,2,b,Identifiable,-3.0850499835043648,0.04572774820999308,3.8414588206941245,-5.26686234491634,-1.660511682595747,identifiable,identifiable
n441,47,3,Cs0,Practically identifiable,4.378132366115341,79.68906434174887,3.8414588206941245,3.9385253832752185,NaN,identifiable,nonidentifiable
n441,47,4,Cc0,Identifiable,2.125241987212933,8.374923867423641,3.8414588206941245,1.368781128226118,4.380616600875077,identifiable,identifiable
n441,47,5,beta,Identifiable,-1.034266468982556,0.35548704608487636,3.8414588206941245,-1.2292374308477478,-0.9332618459550468,identifiable,identifiable
