patient_id,patient_idx,param_idx,param_name,class_label,theta_hat,theta_hat_exp,threshold,left_endpoint,right_endpoint,retcode_left,retcode_right
n1186,48,1,a,Practically identifiable,-3.2983360032712676,0.036944591962101994,3.8414588206941245,-3.6140011645611017,NaN,identifiable,nonidentifiable
n1186,48,2,b,Identifiable,-1.2809071344021998,0.27778519761572446,3.8414588206941245,-3.414062076589879,0.04253834593556497,identifiable,identifiable
n1186,48,3,Cs0,Practically identifiable,4.921928312577764,137.2670519269972,3.8414588206941245,4.137058761510533,NaN,identifiable,nonidentifiable
n1186,48,4,Cc0,Identifiable,4.0389636463507,56.76748112375378,3.8414588206941245,2.8634228665815535,4.682067661192542,identifiable,identifiable
n1186,48,5,beta,Practically identifiable,-3.6722536761615663,0.025419118883317597,3.8414588206941245,NaN,-2.6444219210066047,failure,identifiable
