base_patient,synthetic_id,trunc_section,trunc_set,removed_n,removed_start,removed_gap,removed_end,kept_n,loss,smape_full,rmsle_full,smape_sparse,rmsle_sparse
MIMIC_n766,MIMIC_n766_START_S1_B02,start,1,2,2,0,0,8,0.03856125656221933,19.377665349211053,0.17242646517479332,12.630412406736703,0.06602380498693113
MIMIC_n766,MIMIC_n766_START_S2_B04,start,2,4,4,0,0,6,0.00013356112446176726,77.59277241539777,0.36369812503065185,0.9907629050761547,0.00526069578126381
MIMIC_n766,MIMIC_n766_MID_S1_B02,middle,1,2,0,2,0,8,0.007686687603322772,12.875635347599976,0.08686789942699412,5.610595110623427,0.04167062110671047
MIMIC_n766,MIMIC_n766_MID_S2_B04,middle,2,4,0,4,0,6,0.010198885244255216,13.972338953576568,0.0933653214345027,7.01746909831166,0.04801095215817961
MIMIC_n766,MIMIC_n766_END_S1_B02,end,1,2,0,0,2,8,0.018679795741096968,15.182964084552491,0.08533678677846944,12.00166983628305,0.06125612498649053
MIMIC_n766,MIMIC_n766_END_S2_B04,end,2,4,0,0,4,6,0.012091892179067058,36.390503960087464,0.33218458674725343,9.331339968205892,0.050476719952497306
