base_patient,synthetic_id,trunc_section,trunc_set,a,b,Cs0,Cc0,beta,a_ratio_vs_full,b_ratio_vs_full,Cs0_ratio_vs_full,Cc0_ratio_vs_full,beta_ratio_vs_full
MIMIC_n606,MIMIC_n606_START_S1_B03,start,1,9.999999999987478,0.25374759675726516,499.99999999999585,0.0010000000000620537,0.6826416533488578,3.6132828364169463,0.7608094008836627,1.000000000001009,0.9999999998737356,1.004125191796873
MIMIC_n606,MIMIC_n606_START_S2_B06,start,2,9.999999997981545,0.23982284004952598,499.9999999993186,273.09880117871745,0.6832216308087177,3.613282835692146,0.7190589136134321,0.9999999999996545,273098.80112728797,1.0049783040780569
MIMIC_n606,MIMIC_n606_MID_S1_B03,middle,1,9.999999999866153,0.5030324327275817,499.9999999999017,0.02897727821249117,0.6784645001489497,3.613282836373108,1.5082381415995232,1.0000000000008207,28.97727820703422,0.9979808483665443
MIMIC_n606,MIMIC_n606_MID_S2_B06,middle,2,9.99999999942993,0.00987673759286962,65.83389885336028,0.08356669316509344,0.4134506675510282,3.6132828362154883,0.029613343758697643,0.1316677977068545,83.56669314935631,0.6081612934349605
MIMIC_n606,MIMIC_n606_END_S1_B03,end,1,1.1116939683472036,0.05156297315824474,8.26903816547915,0.1774514722168246,0.3742568600469222,0.40168647351822245,0.15460085225489476,0.016538076330975125,177.45147218340728,0.5505095382509008
MIMIC_n606,MIMIC_n606_END_S2_B06,end,2,0.2524150596750984,0.1136527094639822,11.648076776309145,0.2661454880206391,0.36000708992378916,0.09120470027783344,0.340764014718187,0.023296153552641988,266.14548797051907,0.5295489755782915
