base_patient,synthetic_id,trunc_section,trunc_set,removed_n,removed_start,removed_gap,removed_end,kept_n,loss,smape_full,rmsle_full,smape_sparse,rmsle_sparse
MIMIC_n606,MIMIC_n606_START_S1_B03,start,1,3,3,0,0,10,0.3751109873285949,57.848391285577804,0.2343795466522151,50.762262247836475,0.25730833090926764
MIMIC_n606,MIMIC_n606_START_S2_B06,start,2,6,6,0,0,7,0.17155623149823204,95.48826870694815,1.748920393687346,32.173589499216185,0.2855114646549432
MIMIC_n606,MIMIC_n606_MID_S1_B03,middle,1,3,0,3,0,10,0.4691991612962738,67.52175454947864,0.38432781232316393,55.38494230572317,0.42394542840804605
MIMIC_n606,MIMIC_n606_MID_S2_B06,middle,2,6,0,6,0,7,0.3753792884050235,90.3807246201851,0.7618182706799971,47.24390113118235,0.30047963833977887
MIMIC_n606,MIMIC_n606_END_S1_B03,end,1,3,0,0,3,10,0.34438515683300486,68.20869373316053,1.001734762051274,34.9275526659197,0.24281472095859938
MIMIC_n606,MIMIC_n606_END_S2_B06,end,2,6,0,0,6,7,0.01328535599535994,66.19764822387464,1.050645642859578,9.001073599539035,0.019972842337670445
