patient_id,patient_idx,param_idx,param_name,class_label,theta_hat,theta_hat_exp,threshold,left_endpoint,right_endpoint,retcode_left,retcode_right
n713,3,1,a,Unidentifiable,-0.25732084827000795,0.7731201197143852,3.8414588206941245,NaN,NaN,failure,failure
n713,3,2,b,Practically identifiable,-5.5415995025127085,0.003920251368914001,3.8414588206941245,NaN,-3.8933601040400894,nonidentifiable,identifiable
n713,3,3,Cs0,Identifiable,2.347691499273704,10.461391697636374,3.8414588206941245,1.5871095065444416,2.957170705539871,identifiable,identifiable
n713,3,4,Cc0,Practically identifiable,-0.8278793708106468,0.4369749663312261,3.8414588206941245,-1.092257796309832,NaN,identifiable,failure
n713,3,5,beta,Practically identifiable,-0.3748761489331062,0.6873744055728277,3.8414588206941245,NaN,-0.3138386167479194,failure,identifiable
