patient_id,patient_idx,param_idx,param_name,class_label,theta_hat,theta_hat_exp,threshold,left_endpoint,right_endpoint,retcode_left,retcode_right
n1043,7,1,a,Practically identifiable,-3.007443590011562,0.04941784970400942,3.8414588206941245,-3.4992010632927535,NaN,identifiable,nonidentifiable
n1043,7,2,b,Practically identifiable,0.9564535600092632,2.6024506531700204,3.8414588206941245,NaN,1.5518741122278288,failure,identifiable
n1043,7,3,Cs0,Unidentifiable,5.765718371320088,319.16824301346855,3.8414588206941245,NaN,NaN,nonidentifiable,nonidentifiable
n1043,7,4,Cc0,Unidentifiable,0.27986503807197866,1.32295125223662,3.8414588206941245,NaN,NaN,failure,failure
n1043,7,5,beta,Practically identifiable,-4.727942808815251,0.008844647467925753,3.8414588206941245,NaN,-3.3719057719204866,nonidentifiable,identifiable
