patient_id,patient_idx,param_idx,param_name,class_label,theta_hat,theta_hat_exp,threshold,left_endpoint,right_endpoint,retcode_left,retcode_right
n713,3,1,a,Unidentifiable,-0.25732084827000795,0.7731201197143852,3.8414588206941245,NaN,NaN,failure,nonidentifiable
n713,3,2,b,Practically identifiable,-5.5415995025127085,0.003920251368914001,3.8414588206941245,NaN,-3.8933908124517678,nonidentifiable,identifiable
n713,3,3,Cs0,Identifiable,2.347691499273704,10.461391697636374,3.8414588206941245,1.590941171431635,2.9573517293533875,identifiable,identifiable
n713,3,4,Cc0,Identifiable,-0.8278793708106468,0.4369749663312261,3.8414588206941245,-1.0922038209559162,-0.3965673164944008,identifiable,identifiable
n713,3,5,beta,Identifiable,-0.3748761489331062,0.6873744055728277,3.8414588206941245,-0.5165667432289732,-0.31362017396099784,identifiable,identifiable
