patient_id,patient_idx,param_idx,param_name,class_label,theta_hat,theta_hat_exp,threshold,left_endpoint,right_endpoint,retcode_left,retcode_right
n195,32,1,a,Identifiable,-4.426768991878128,0.011953047742865545,3.8414588206941245,-5.38556379864308,-3.472912959873585,identifiable,identifiable
n195,32,2,b,Identifiable,-3.1720605047873063,0.041917138394587314,3.8414588206941245,-4.2656529899804,-2.639181849969064,identifiable,identifiable
n195,32,3,Cs0,Identifiable,3.1508372070897996,23.355609880247844,3.8414588206941245,2.2615498608668907,4.153858928124961,identifiable,identifiable
n195,32,4,Cc0,Identifiable,-1.5490278602639782,0.21245440884157285,3.8414588206941245,-2.4225613649287907,-0.5389718095972538,identifiable,identifiable
n195,32,5,beta,Identifiable,-0.7149786624230231,0.48920255008203695,3.8414588206941245,-0.7374666108452829,-0.6985346035441068,identifiable,identifiable
