patient_id,patient_idx,param_idx,param_name,class_label,theta_hat,theta_hat_exp,threshold,left_endpoint,right_endpoint,retcode_left,retcode_right
n441,47,1,a,Practically identifiable,-3.5610696315579937,0.028408421912594663,3.8414588206941245,NaN,-2.2944251720463287,failure,identifiable
n441,47,2,b,Practically identifiable,-3.0850499835043648,0.04572774820999308,3.8414588206941245,NaN,-1.5923651296775403,failure,identifiable
n441,47,3,Cs0,Practically identifiable,4.378132366115341,79.68906434174887,3.8414588206941245,3.2327448054935224,NaN,identifiable,failure
n441,47,4,Cc0,Practically identifiable,2.125241987212933,8.374923867423641,3.8414588206941245,1.3405313286154592,NaN,identifiable,nonidentifiable
n441,47,5,beta,Identifiable,-1.034266468982556,0.35548704608487636,3.8414588206941245,-1.1867822197233973,-0.8961405449625162,identifiable,identifiable
