patient_id,patient_idx,param_idx,param_name,class_label,theta_hat,theta_hat_exp,threshold,left_endpoint,right_endpoint,retcode_left,retcode_right
n94,26,1,a,Identifiable,-2.763129833948208,0.06309398530989291,3.8414588206941245,-3.851524608889007,-1.7855106818709068,identifiable,identifiable
n94,26,2,b,Identifiable,-2.0472138374620212,0.12909408008321058,3.8414588206941245,-3.1499039282863093,-1.0869783022550263,identifiable,identifiable
n94,26,3,Cs0,Identifiable,1.4945108495820785,4.457155799910934,3.8414588206941245,0.3850723351160509,2.5521110156876023,identifiable,identifiable
n94,26,4,Cc0,Unidentifiable,0.29813571433785546,1.3473446294564115,3.8414588206941245,NaN,NaN,failure,nonidentifiable
n94,26,5,beta,Identifiable,-1.073411208226064,0.34184043735731634,3.8414588206941245,-1.1488433982842994,-0.8506193472246719,identifiable,identifiable
