patient_id,patient_idx,param_idx,param_name,class_label,theta_hat,theta_hat_exp,threshold,left_endpoint,right_endpoint,retcode_left,retcode_right
n253,53,1,a,Unidentifiable,1.608624216381473,4.995933174541162,3.8414588206941245,NaN,NaN,nonidentifiable,nonidentifiable
n253,53,2,b,Identifiable,-2.7610867663865517,0.06322302235543144,3.8414588206941245,-3.0623768015897332,-2.4790259061733253,identifiable,identifiable
n253,53,3,Cs0,Identifiable,3.0961171519666637,22.111927127401692,3.8414588206941245,2.8267549878694047,3.3469591000138292,identifiable,identifiable
n253,53,4,Cc0,Identifiable,0.8133480060279689,2.25544660880055,3.8414588206941245,0.7348664090908154,1.0112789161347304,identifiable,identifiable
n253,53,5,beta,Identifiable,-1.9580479161123916,0.14113365692944566,3.8414588206941245,-2.065749490240532,-1.9112975438148903,identifiable,identifiable
