patient_id,patient_idx,param_idx,param_name,class_label,theta_hat,theta_hat_exp,threshold,left_endpoint,right_endpoint,retcode_left,retcode_right
n1191,36,1,a,Practically identifiable,-2.776189592387361,0.062275350325668145,3.8414588206941245,-3.445745532814756,NaN,identifiable,nonidentifiable
n1191,36,2,b,Practically identifiable,-0.8580568165982079,0.42398516329202673,3.8414588206941245,NaN,-0.2560457027553239,nonidentifiable,identifiable
n1191,36,3,Cs0,Identifiable,2.9740293754032767,19.57061830425516,3.8414588206941245,1.1101952658689365,3.603285209083988,identifiable,identifiable
n1191,36,4,Cc0,Identifiable,0.9615435975464458,2.6157309947290637,3.8414588206941245,-0.5585523837085217,1.6202756794389401,identifiable,identifiable
n1191,36,5,beta,Practically identifiable,-6.9077551789821365,0.0010000001000000055,3.8414588206941245,NaN,-4.163399054211872,nonidentifiable,identifiable
