patient_id,patient_idx,param_idx,param_name,class_label,theta_hat,theta_hat_exp,threshold,left_endpoint,right_endpoint,retcode_left,retcode_right
n1000,41,1,a,Identifiable,-2.178454973718429,0.11321631776678069,3.8414588206941245,-3.054238082147708,-0.8825017463654611,identifiable,identifiable
n1000,41,2,b,Identifiable,-1.6202159391910496,0.19785596961227458,3.8414588206941245,-2.6244835061478526,-0.6891590842815707,identifiable,identifiable
n1000,41,3,Cs0,Identifiable,1.9924220720941104,7.33327398786876,3.8414588206941245,0.9188921784434684,2.9628162100876314,identifiable,identifiable
n1000,41,4,Cc0,Identifiable,0.24771176617897575,1.281090625327197,3.8414588206941245,-0.36076755232953023,1.3314741683591822,identifiable,identifiable
n1000,41,5,beta,Identifiable,-3.32267691676757,0.03605618305051085,3.8414588206941245,-5.1463144449766265,-3.02814297927212,identifiable,identifiable
