patient_id,patient_idx,param_idx,param_name,class_label,theta_hat,theta_hat_exp,threshold,left_endpoint,right_endpoint,retcode_left,retcode_right
n365,30,1,a,Unidentifiable,-1.5481914927727025,0.21263217313027988,3.8414588206941245,NaN,NaN,nonidentifiable,nonidentifiable
n365,30,2,b,Unidentifiable,-1.176337426379519,0.3084062331086942,3.8414588206941245,NaN,NaN,nonidentifiable,nonidentifiable
n365,30,3,Cs0,Unidentifiable,0.19712733398809712,1.2178991107837291,3.8414588206941245,NaN,NaN,failure,failure
n365,30,4,Cc0,Practically identifiable,-6.9077551789821365,0.0010000001000000055,3.8414588206941245,NaN,4.485539542088718,nonidentifiable,identifiable
n365,30,5,beta,Practically identifiable,-4.331406562895335,0.01314903952571699,3.8414588206941245,NaN,-2.411276389006842,nonidentifiable,identifiable
