base_patient,synthetic_id,trunc_section,trunc_set,a,b,Cs0,Cc0,beta,a_ratio_vs_full,b_ratio_vs_full,Cs0_ratio_vs_full,Cc0_ratio_vs_full,beta_ratio_vs_full
UMG_n2,UMG_n2_START_S1_B01,start,1,0.650343694588171,0.07825163906076253,6.723881980320343,0.0010000000022213416,0.2281162545805905,18.881060996826662,0.02265153222713066,0.02086356492263243,0.00021720260232796016,0.9412917438393146
UMG_n2,UMG_n2_START_S2_B03,start,2,0.007589680633318689,0.01520961850985728,9.438898110641759,1.6172498706485066,0.5744041927256283,0.22034690914450922,0.004402734153221685,0.029288001203153884,0.3512708797391199,2.3702034089302675
UMG_n2,UMG_n2_MID_S1_B01,middle,1,0.04014486527667215,3.272394071031067,291.9855053619559,4.011806194264662,0.24484816695839454,1.1655031890148848,0.9472611775233684,0.906003193604028,0.8713747434940936,1.010333781237424
UMG_n2,UMG_n2_MID_S2_B03,middle,2,0.18948181164062983,0.05631848373334739,5.638949699778423,0.09078867784436166,0.23151587035371698,5.501118367329558,0.016302533270625415,0.017497123462476463,0.019719537045906343,0.9553198115250363
UMG_n2,UMG_n2_END_S1_B01,end,1,0.057515220460606975,6.788463453612996,499.9999983941679,6.982668774394942,0.2485947594631308,1.669806895645122,1.965059141736463,1.5514523393398163,1.5166538256237632,1.0257936028039427
UMG_n2,UMG_n2_END_S2_B03,end,2,0.3093415967298839,0.6166569539737748,31.884331358017086,0.5758279251362783,0.25287464465968923,8.980939778944585,0.17850392699346324,0.09893404126510585,0.12507132355488335,1.0434539865740844
