base_patient,synthetic_id,trunc_section,trunc_set,removed_n,removed_start,removed_gap,removed_end,kept_n,loss,smape_full,rmsle_full,smape_sparse,rmsle_sparse
UMG_n2,UMG_n2_START_S1_B01,start,1,1,1,0,0,7,0.0037496705500813274,14.405527201472248,0.012731703087271487,5.46513056572475,0.010577818652995494
UMG_n2,UMG_n2_START_S2_B03,start,2,3,3,0,0,5,0.0008762645235291654,24.61968850394188,0.03578191971501796,2.4276107313429405,0.006286634149667383
UMG_n2,UMG_n2_MID_S1_B01,middle,1,1,0,1,0,7,0.004120074742707425,5.946598551861326,0.01292181265795733,5.436887684261134,0.011584870631814844
UMG_n2,UMG_n2_MID_S2_B03,middle,2,3,0,3,0,5,0.000714233962327042,6.235075742655159,0.01394752474725273,1.9816502701144496,0.006525028541446438
UMG_n2,UMG_n2_END_S1_B01,end,1,1,0,0,1,7,0.0028809533731067477,6.273675611700112,0.020777694734474543,4.109122879097058,0.008367531829143305
UMG_n2,UMG_n2_END_S2_B03,end,2,3,0,0,3,5,0.00031153059229751883,13.42210530238347,0.05023349618075078,1.210831273714155,0.0036342306450483463
