patient_id,patient_idx,param_idx,param_name,class_label,theta_hat,theta_hat_exp,threshold,left_endpoint,right_endpoint,retcode_left,retcode_right
n772,17,1,a,Identifiable,-2.923315358689396,0.053755173863063735,3.8414588206941245,-4.782245559327524,-2.0008404492991834,identifiable,identifiable
n772,17,2,b,Practically identifiable,1.8905803247497772,6.623211179357185,3.8414588206941245,0.5145603359451102,NaN,identifiable,nonidentifiable
n772,17,3,Cs0,Practically identifiable,5.60458994145038,271.6705017788251,3.8414588206941245,4.059917517661032,NaN,identifiable,nonidentifiable
n772,17,4,Cc0,Identifiable,2.8876089844637933,17.950338711250275,3.8414588206941245,1.0910227808843365,4.564078664568549,identifiable,identifiable
n772,17,5,beta,Identifiable,-2.636150371694999,0.07163651337282667,3.8414588206941245,-3.518447770888865,-2.482879311756971,identifiable,identifiable
