patient_id,patient_idx,param_idx,param_name,class_label,theta_hat,theta_hat_exp,threshold,left_endpoint,right_endpoint,retcode_left,retcode_right
n71,20,1,a,Identifiable,1.0037688819118937,2.728546041828,3.8414588206941245,0.4757179620343527,1.5736953501326576,identifiable,identifiable
n71,20,2,b,Practically identifiable,-2.8276022934134852,0.05915451894539329,3.8414588206941245,-3.8504610981391743,NaN,identifiable,nonidentifiable
n71,20,3,Cs0,Identifiable,2.2715239667996547,9.694163145348318,3.8414588206941245,1.0004870838214968,2.888287067995593,identifiable,identifiable
n71,20,4,Cc0,Practically identifiable,1.0250201498639018,2.7871516207258704,3.8414588206941245,0.6824270968086156,NaN,identifiable,failure
n71,20,5,beta,Identifiable,-0.946444805766646,0.3881184098982805,3.8414588206941245,-3.4931346285778617,-0.5111795636457744,identifiable,identifiable
