patient_id,patient_idx,param_idx,param_name,class_label,theta_hat,theta_hat_exp,threshold,left_endpoint,right_endpoint,retcode_left,retcode_right
n60,12,1,a,Identifiable,-3.5370286446943413,0.029099664191148757,3.8414588206941245,-3.673587691530797,-3.233191396894191,identifiable,identifiable
n60,12,2,b,Practically identifiable,1.6099381460953104,5.002501793994665,3.8414588206941245,-1.6411208232110766,NaN,identifiable,nonidentifiable
n60,12,3,Cs0,Identifiable,4.783968225115847,119.57792191652896,3.8414588206941245,1.4553742298499213,4.956142300002425,identifiable,identifiable
n60,12,4,Cc0,Identifiable,1.5574713902281365,4.746803244055792,3.8414588206941245,-0.9662211973606232,2.5666899653822646,identifiable,identifiable
n60,12,5,beta,Practically identifiable,-6.9077551789821365,0.0010000001000000055,3.8414588206941245,NaN,-3.8638752972750945,nonidentifiable,identifiable
