patient_id,patient_idx,param_idx,param_name,class_label,theta_hat,theta_hat_exp,threshold,left_endpoint,right_endpoint,retcode_left,retcode_right
n93,34,1,a,Practically identifiable,-2.0660293146089903,0.12668782180704627,3.8414588206941245,NaN,-0.9895017909840995,failure,identifiable
n93,34,2,b,Practically identifiable,-1.619598332433806,0.19797820453874096,3.8414588206941245,NaN,-0.46018062601777243,failure,identifiable
n93,34,3,Cs0,Identifiable,3.9261253912261065,50.71011467669622,3.8414588206941245,3.482625103784155,5.2046111956434995,identifiable,identifiable
n93,34,4,Cc0,Identifiable,2.0253184345785775,7.578523824484558,3.8414588206941245,1.3010225554582078,2.8820088511012516,identifiable,identifiable
n93,34,5,beta,Unidentifiable,-5.475560643579105,0.004187879983668875,3.8414588206941245,NaN,NaN,nonidentifiable,failure
