patient_id,patient_idx,param_idx,param_name,class_label,theta_hat,theta_hat_exp,threshold,left_endpoint,right_endpoint,retcode_left,retcode_right
n78,25,1,a,Practically identifiable,1.7355572505234245,5.672087697135242,3.8414588206941245,0.560865445252448,NaN,identifiable,nonidentifiable
n78,25,2,b,Identifiable,-2.1879181764321007,0.11214998223362671,3.8414588206941245,-2.54422461902423,-1.0326063731799449,identifiable,identifiable
n78,25,3,Cs0,Identifiable,3.127165804940231,22.809242005362808,3.8414588206941245,2.6972194488057815,4.2711059667949955,identifiable,identifiable
n78,25,4,Cc0,Identifiable,-0.09899356723788323,0.9057485344696683,3.8414588206941245,-0.7812645238839859,0.6449934602219276,identifiable,identifiable
n78,25,5,beta,Practically identifiable,-4.948510661187412,0.007093966384758377,3.8414588206941245,NaN,-2.9328463600393158,nonidentifiable,identifiable
