patient_id,patient_idx,param_idx,param_name,class_label,theta_hat,theta_hat_exp,threshold,left_endpoint,right_endpoint,retcode_left,retcode_right
n83,27,1,a,Identifiable,-2.706930127326874,0.0667413800861489,3.8414588206941245,-3.197659542972289,-2.358832918030094,identifiable,identifiable
n83,27,2,b,Identifiable,0.2864270893078587,1.33166107202413,3.8414588206941245,-0.060338467923263125,0.6073624697293735,identifiable,identifiable
n83,27,3,Cs0,Identifiable,4.647424188953562,104.31594106863632,3.8414588206941245,4.321123857834355,4.902231921666221,identifiable,identifiable
n83,27,4,Cc0,Identifiable,3.6767088404004586,39.51612594631633,3.8414588206941245,3.2994406070961606,4.338591733236897,identifiable,identifiable
n83,27,5,beta,Identifiable,-2.7756003396748494,0.06231205705847898,3.8414588206941245,-3.651723870281751,-2.6355913986920987,identifiable,identifiable
