patient_id,patient_idx,param_idx,param_name,class_label,theta_hat,theta_hat_exp,threshold,left_endpoint,right_endpoint,retcode_left,retcode_right
n1437,11,1,a,Practically identifiable,-3.212221087028878,0.04026707719228435,3.8414588206941245,-3.347062059114471,NaN,identifiable,nonidentifiable
n1437,11,2,b,Identifiable,-1.7756492185171873,0.16937345341530907,3.8414588206941245,-2.919455344800159,-0.977695052233065,identifiable,identifiable
n1437,11,3,Cs0,Identifiable,1.740894308731583,5.7024408856547995,3.8414588206941245,0.6052229839913845,5.652683457811631,identifiable,identifiable
n1437,11,4,Cc0,Unidentifiable,-0.5156181932553248,0.5971313379283493,3.8414588206941245,NaN,NaN,failure,failure
n1437,11,5,beta,Identifiable,-1.0593433800688985,0.346683374823881,3.8414588206941245,-1.101082066318882,-1.0164933586303972,identifiable,identifiable
