patient_id,patient_idx,param_idx,param_name,class_label,theta_hat,theta_hat_exp,threshold,left_endpoint,right_endpoint,retcode_left,retcode_right
n377,21,1,a,Practically identifiable,1.6101896186315823,5.003759943996962,3.8414588206941245,-1.7773460435521957,NaN,identifiable,nonidentifiable
n377,21,2,b,Identifiable,-1.1150970053229294,0.32788347091486225,3.8414588206941245,-1.2634342806986845,-1.0067864730397016,identifiable,identifiable
n377,21,3,Cs0,Identifiable,4.86589671588443,129.78726875195838,3.8414588206941245,4.736984432136236,5.030299553152642,identifiable,identifiable
n377,21,4,Cc0,Identifiable,3.74510784673105,42.313570353015464,3.8414588206941245,3.6427651028702033,3.9051470168115774,identifiable,identifiable
n377,21,5,beta,Practically identifiable,-1.4461639379152305,0.2354718423857274,3.8414588206941245,-1.4932871366747467,NaN,identifiable,failure
