patient_id,patient_idx,param_idx,param_name,class_label,theta_hat,theta_hat_exp,threshold,left_endpoint,right_endpoint,retcode_left,retcode_right
n1462,25,1,a,Practically identifiable,-3.2494851136951826,0.03879417728087148,3.8414588206941245,NaN,-2.0268244667892703,nonidentifiable,identifiable
n1462,25,2,b,Identifiable,-2.6081901135929924,0.07366775344509296,3.8414588206941245,-5.012295185214973,-0.7033349809091201,identifiable,identifiable
n1462,25,3,Cs0,Practically identifiable,1.8150632599909315,6.141464674156254,3.8414588206941245,NaN,3.07597645448274,failure,identifiable
n1462,25,4,Cc0,Identifiable,1.5505378091231765,4.714004735730323,3.8414588206941245,0.7475078633017952,5.320050964683859,identifiable,identifiable
n1462,25,5,beta,Practically identifiable,-2.3047215441474522,0.09978658294339486,3.8414588206941245,NaN,-0.5989914442741164,nonidentifiable,identifiable
