base_patient,synthetic_id,trunc_section,trunc_set,a,b,Cs0,Cc0,beta,a_ratio_vs_full,b_ratio_vs_full,Cs0_ratio_vs_full,Cc0_ratio_vs_full,beta_ratio_vs_full
MIMIC_n1283,MIMIC_n1283_START_S1_B01,start,1,1.3930076199222512,0.18041070203748613,54.68449759675627,1.6049157540166952,0.10237689146979095,3.4254917503915214,0.5455340834768649,0.5459005038379257,1604.9157539887046,0.9544862146750892
MIMIC_n1283,MIMIC_n1283_START_S2_B03,start,2,0.640068174609114,0.8881482021086423,274.9999696814205,0.02582702442371393,0.11874900507417951,1.5739671631760737,2.685622914589014,2.745250091013117,25.82702442326349,1.1071276605730096
MIMIC_n1283,MIMIC_n1283_MID_S1_B01,middle,1,0.40572141029976533,0.33108733006563135,100.29004565831342,0.0010000000000205537,0.1073312219482648,0.9976939997044879,1.0011569220579108,1.0011683175461665,1.0000000000031133,1.0006767179884595
MIMIC_n1283,MIMIC_n1283_MID_S2_B03,middle,2,0.3646815615825746,0.3556759986806909,107.24798350081049,0.0010000000038159647,0.1150385997153232,0.8967744776519816,1.0755092561785644,1.0706275233690143,1.0000000037985242,1.0725345925960437
MIMIC_n1283,MIMIC_n1283_END_S1_B01,end,1,0.31131688199282287,0.40773868642038025,120.7304199134821,0.0010000000021054831,0.10471201940600369,0.7655474354717069,1.2329387784777028,1.2052190283493363,1.0000000020880426,0.9762572158514184
MIMIC_n1283,MIMIC_n1283_END_S2_B03,end,2,0.28836760761273267,0.46297081458011397,133.67344827717793,0.001000000001443046,0.10255635414444915,0.7091137527393337,1.399952198822558,1.3344257691158314,1.0000000014256054,0.9561593915663852
