Complexity,Loss,Equation
2,0.16957832767733338,"0.3694670228778616"
4,0.016227451275066092,"t_norm * 0.10005997268913773"
7,0.01607003668706513,"(t_norm + -0.05878333615348444) * 0.10084976715566615"
14,0.015313984277579875,"(t_norm + t_norm) * (((β * -0.04873999281985982) + 0.3351256296736539) * 0.15961387190270862)"
