patient_id,patient_idx,param_idx,param_name,class_label,theta_hat,theta_hat_exp,threshold,left_endpoint,right_endpoint,retcode_left,retcode_right
n1191,36,1,a,Identifiable,-2.7761909933976394,0.06227526307732337,3.8414588206941245,-3.4457469921373414,-1.081445384734022,identifiable,identifiable
n1191,36,2,b,Identifiable,-0.8580571933299304,0.42398500356339597,3.8414588206941245,-2.7247025314013857,-0.256045699154953,identifiable,identifiable
n1191,36,3,Cs0,Identifiable,2.9740280606105056,19.570592572964603,3.8414588206941245,1.1047075909642152,3.607785342038947,identifiable,identifiable
n1191,36,4,Cc0,Identifiable,0.9615452049961355,2.615735199388419,3.8414588206941245,-0.5589684348335711,1.6205302198521199,identifiable,identifiable
n1191,36,5,beta,Practically identifiable,-6.90775527733601,0.001000000001646127,3.8414588206941245,NaN,-4.163406074492357,nonidentifiable,identifiable
