patient_id,patient_idx,param_idx,param_name,class_label,theta_hat,theta_hat_exp,threshold,left_endpoint,right_endpoint,retcode_left,retcode_right
n460,20,1,a,Practically identifiable,1.6111431042480957,5.008533232401337,3.8414588206941245,-2.755233111538366,NaN,identifiable,nonidentifiable
n460,20,2,b,Practically identifiable,-1.7511924916589423,0.17356684297967298,3.8414588206941245,-2.0374814366348866,NaN,identifiable,failure
n460,20,3,Cs0,Practically identifiable,0.6247840129914604,1.8678424841507224,3.8414588206941245,0.3052160485156172,NaN,identifiable,failure
n460,20,4,Cc0,Identifiable,0.37345929734408995,1.452751431498443,3.8414588206941245,0.07615892430598913,0.6814455405799533,identifiable,identifiable
n460,20,5,beta,Identifiable,-2.1895147156536425,0.11197107324390741,3.8414588206941245,-2.8051731363491257,-1.9670574365156643,identifiable,identifiable
