patient_id,patient_idx,param_idx,param_name,class_label,theta_hat,theta_hat_exp,threshold,left_endpoint,right_endpoint,retcode_left,retcode_right
n270,50,1,a,Identifiable,-3.327250732117839,0.03589164529649594,3.8414588206941245,-3.8799409944313483,-2.740921728824194,identifiable,identifiable
n270,50,2,b,Identifiable,1.1621602265430544,3.196831703049636,3.8414588206941245,0.6950849380300882,1.2042318121147237,identifiable,identifiable
n270,50,3,Cs0,Practically identifiable,6.214608097513902,499.99999954585513,3.8414588206941245,5.754566021355156,NaN,identifiable,nonidentifiable
n270,50,4,Cc0,Identifiable,4.567539160796836,96.30682232555316,3.8414588206941245,3.809881706782962,5.040094222791719,identifiable,identifiable
n270,50,5,beta,Identifiable,-2.1239170689674913,0.11956237599153399,3.8414588206941245,-2.26572684690669,-1.997582374143548,identifiable,identifiable
