patient_id,patient_idx,param_idx,param_name,class_label,theta_hat,theta_hat_exp,threshold,left_endpoint,right_endpoint,retcode_left,retcode_right
n1001,6,1,a,Practically identifiable,0.086556660527633,1.0904131493518532,3.8414588206941245,-1.1216680027438672,NaN,identifiable,failure
n1001,6,2,b,Practically identifiable,-6.907755278982136,0.001000000000000001,3.8414588206941245,NaN,-4.204655187450129,nonidentifiable,identifiable
n1001,6,3,Cs0,Practically identifiable,1.3440494414075674,3.8345398528741783,3.8414588206941245,NaN,1.6107223473230523,failure,identifiable
n1001,6,4,Cc0,Identifiable,-3.2000661022525816,0.04075950959391648,3.8414588206941245,-3.385237126193163,-2.925281444978257,identifiable,identifiable
n1001,6,5,beta,Practically identifiable,-1.0134017416461492,0.3629821056558945,3.8414588206941245,-1.0497729957135291,NaN,identifiable,failure
