patient_id,patient_idx,param_idx,param_name,class_label,theta_hat,theta_hat_exp,threshold,left_endpoint,right_endpoint,retcode_left,retcode_right
n792,43,1,a,Unidentifiable,-0.5128826505719076,0.5987670524542794,3.8414588206941245,NaN,NaN,failure,nonidentifiable
n792,43,2,b,Identifiable,-3.7806493738068276,0.022807875778047403,3.8414588206941245,-4.473417446015401,-0.3696098464628755,identifiable,identifiable
n792,43,3,Cs0,Identifiable,3.0069300485061747,20.225214094116904,3.8414588206941245,2.850601509891281,3.4908271331739384,identifiable,identifiable
n792,43,4,Cc0,Practically identifiable,-6.907755269714104,0.0010000000092680328,3.8414588206941245,NaN,2.8453967439502192,nonidentifiable,identifiable
n792,43,5,beta,Practically identifiable,-6.907755278649535,0.0010000000003326018,3.8414588206941245,NaN,-3.2553929273745226,nonidentifiable,identifiable
