patient_id,patient_idx,param_idx,param_name,class_label,theta_hat,theta_hat_exp,threshold,left_endpoint,right_endpoint,retcode_left,retcode_right
n240,13,1,a,Practically identifiable,1.6094379088082325,4.99999998187066,3.8414588206941245,-2.062963491974218,NaN,identifiable,nonidentifiable
n240,13,2,b,Identifiable,1.4072639784220087,4.084764098511232,3.8414588206941245,-1.3837704520889895,1.6692551571014682,identifiable,identifiable
n240,13,3,Cs0,Practically identifiable,6.214608097384619,499.9999994812135,3.8414588206941245,4.74117836284984,NaN,identifiable,nonidentifiable
n240,13,4,Cc0,Identifiable,-0.8548202443626213,0.4253596450046595,3.8414588206941245,-3.180495175516689,0.6183461122453467,identifiable,identifiable
n240,13,5,beta,Identifiable,-0.512377765781947,0.5990694371600891,3.8414588206941245,-0.5791259018133984,-0.5003785720565608,identifiable,identifiable
