patient_id,patient_idx,param_idx,param_name,class_label,theta_hat,theta_hat_exp,threshold,left_endpoint,right_endpoint,retcode_left,retcode_right
n1319,51,1,a,Practically identifiable,-1.776303670469935,0.16926264289201454,3.8414588206941245,-3.9054160060988496,NaN,identifiable,nonidentifiable
n1319,51,2,b,Identifiable,-2.2468976631406057,0.10572671619319196,3.8414588206941245,-3.152902418615849,1.6860196586847265,identifiable,identifiable
n1319,51,3,Cs0,Practically identifiable,2.3629223038473883,10.621946697314497,3.8414588206941245,1.6572214552318816,NaN,identifiable,failure
n1319,51,4,Cc0,Practically identifiable,-6.907755278981756,0.0010000000000003812,3.8414588206941245,NaN,2.704869137708005,failure,identifiable
n1319,51,5,beta,Identifiable,-1.6643099691501693,0.18932125042371442,3.8414588206941245,-1.8870821253324472,-1.4749103960019854,identifiable,identifiable
