patient_id,patient_idx,param_idx,param_name,class_label,theta_hat,theta_hat_exp,threshold,left_endpoint,right_endpoint,retcode_left,retcode_right
n240,13,1,a,Unidentifiable,1.6094379088082325,4.99999998187066,3.8414588206941245,NaN,NaN,failure,nonidentifiable
n240,13,2,b,Practically identifiable,1.4072639784220087,4.084764098511232,3.8414588206941245,NaN,1.6721763073626859,failure,identifiable
n240,13,3,Cs0,Practically identifiable,6.214608097384619,499.9999994812135,3.8414588206941245,3.4151780235637554,NaN,identifiable,nonidentifiable
n240,13,4,Cc0,Unidentifiable,-0.8548202443626213,0.4253596450046595,3.8414588206941245,NaN,NaN,failure,failure
n240,13,5,beta,Identifiable,-0.512377765781947,0.5990694371600891,3.8414588206941245,-0.5764441535351231,-0.499060605011878,identifiable,identifiable
