base_patient,synthetic_id,trunc_section,trunc_set,a,a_ratio_vs_full,b,b_ratio_vs_full,Cs0,Cs0_ratio_vs_full,Cc0,Cc0_ratio_vs_full,Td,Td_ratio_vs_full
MIMIC_n606,MIMIC_n606_START_S1_B03,start,1,0.0031820508620215206,0.008372526706264987,0.0010000000000120902,0.027517477634181286,499.9999999989034,7.774278055195365,0.564574711830197,3.728351669836968,499.99999999984,1.0000000000140385
MIMIC_n606,MIMIC_n606_START_S2_B06,start,2,0.00322735474546505,0.008491729066778952,0.0010000000000003279,0.027517477633857618,499.99999999997186,7.774278055211979,0.0010000000000162646,0.006603823359022423,499.9999999999941,1.0000000000143467
MIMIC_n606,MIMIC_n606_MID_S1_B03,middle,1,0.16386774912492943,0.4311644173319074,0.13938331850159938,3.835477349399356,148.80335413434454,2.313677301177273,0.28830849317418056,1.9039383617972434,499.9999999942937,1.000000000002946
MIMIC_n606,MIMIC_n606_MID_S2_B06,middle,2,0.11729147975091359,0.30861418915472427,0.19861135455050283,5.4652835066718355,381.87932114793404,5.937672052279597,0.3761713900151854,2.4841694123378115,499.9999999939305,1.0000000000022196
MIMIC_n606,MIMIC_n606_END_S1_B03,end,1,0.1305374977610088,0.3434667557383816,0.30436126148594356,8.375254205549396,14.216239087272092,0.22104199112766482,0.5377561248772711,3.551246458864142,209.7260698598309,0.4194521397256845
MIMIC_n606,MIMIC_n606_END_S2_B06,end,2,0.14347576188120148,0.377509568558226,0.2869336118787704,7.8956892472734586,186.5164837557856,2.9000620131959742,0.49511513003258634,3.2696528610614384,499.99999997908856,0.9999999999725357
