base_patient,synthetic_id,trunc_section,trunc_set,removed_n,removed_start,removed_gap,removed_end,kept_n,loss,smape_full,rmsle_full,smape_sparse,rmsle_sparse
MIMIC_n606,MIMIC_n606_START_S1_B03,start,1,3,3,0,0,10,0.8981903534484139,65.36204656444387,0.4838568484001376,52.504984487245764,0.5507685384702682
MIMIC_n606,MIMIC_n606_START_S2_B06,start,2,6,6,0,0,7,1.2236264063353541,96.84663190076506,0.4856146110785353,67.87887666172195,0.6573278651842667
MIMIC_n606,MIMIC_n606_MID_S1_B03,middle,1,3,0,3,0,10,1.003648445101506,54.84267740148228,0.5421143552651042,57.78222384400543,0.606769760137144
MIMIC_n606,MIMIC_n606_MID_S2_B06,middle,2,6,0,6,0,7,0.34861440496512835,73.4385140449922,0.5366784909644278,47.63714205096989,0.3577684998562558
MIMIC_n606,MIMIC_n606_END_S1_B03,end,1,3,0,0,3,10,0.3517337018572457,68.53112507137514,1.0012433068077085,35.1959878078903,0.23343168490359825
MIMIC_n606,MIMIC_n606_END_S2_B06,end,2,6,0,0,6,7,0.012357713236493343,51.591893990934814,0.6209876945964318,9.699480665432214,0.02018822426666483
