experiment,mean,std,q1,median,q3,iqr
MIMIC-IV ae _val,10.380353458639748,11.411234735462221,3.567944131752326,6.445392854029819,12.663737065996866,9.095792934244539
