experiment,param,mean,std,q1,median,q3,iqr
MIMIC-IV ae _val,a,-2.158239102491675,1.8860013613763842,-3.4169374109717876,-2.5812695132394667,-1.146852519112126,2.2700848918596614
MIMIC-IV ae _val,b,-3.254835065797413,2.055264618946336,-4.669166248359277,-2.8841200138288117,-1.9902640308781692,2.6789022174811077
MIMIC-IV ae _val,Cs0,2.0147134389668055,1.8209120685002111,0.9467874034276058,1.9806086468905078,2.938120105722919,1.9913327022953131
MIMIC-IV ae _val,Cc0,-0.29034579606782984,2.915086878690665,-1.6311805451338253,-0.0206430849852994,1.5726815725777872,3.2038621177116124
MIMIC-IV ae _val,Td,4.359423480086278,1.857854396755796,3.8132181774098233,4.854413846877058,5.3466321438915125,1.5334139664816893
