experiment,mean,std,q1,median,q3,iqr
MIMIC-IV ae _val,0.05169989267467272,0.08390845441889896,0.012997141323448364,0.025423902465087238,0.05839919202554401,0.045402050702095645
