base_patient,synthetic_id,trunc_section,trunc_set,removed_n,removed_start,removed_gap,removed_end,kept_n,loss,smape_full,rmsle_full,smape_sparse,rmsle_sparse
MIMIC_n606,MIMIC_n606_START_S1_B03,start,1,3,3,0,0,10,0.8981903582214485,65.36260605411354,0.48385815507563984,52.50567479051196,0.550770030571851
MIMIC_n606,MIMIC_n606_START_S2_B06,start,2,6,6,0,0,7,1.2236265212641675,96.84663191214338,0.4856146111253004,67.87887667214135,0.6573278652471133
MIMIC_n606,MIMIC_n606_MID_S1_B03,middle,1,3,0,3,0,10,1.00364844510164,54.84267741433022,0.542114355451099,57.78222384586835,0.6067697602797506
MIMIC_n606,MIMIC_n606_MID_S2_B06,middle,2,6,0,6,0,7,0.3486144049649149,73.43851403133202,0.5366784907930026,47.63714202420243,0.3577684995760214
MIMIC_n606,MIMIC_n606_END_S1_B03,end,1,3,0,0,3,10,0.35173370185594094,68.53112433122817,1.0012433035290034,35.19598693641738,0.2334316828581109
MIMIC_n606,MIMIC_n606_END_S2_B06,end,2,6,0,0,6,7,0.012357713236427578,51.59189399249347,0.6209876945691432,9.699480662594187,0.020188224254323033
