base_patient,synthetic_id,trunc_section,trunc_set,a,a_ratio_vs_full,b,b_ratio_vs_full,Cs0,Cs0_ratio_vs_full,Cc0,Cc0_ratio_vs_full,Td,Td_ratio_vs_full
MIMIC_n606,MIMIC_n606_START_S1_B03,start,1,0.0031820509463522583,0.008372526928124159,0.0010000000002017518,0.027517477639796475,499.9999999817109,7.774278055037512,0.5645746528188168,3.7283512801611445,499.99999999734064,1.0000000000066844
MIMIC_n606,MIMIC_n606_START_S2_B06,start,2,0.0032273547446289934,0.008491729064549125,0.0010000000000003307,0.027517477634253874,499.99999999997095,7.774278055321429,0.0010000000000167219,0.0066038233590695605,499.99999999999363,1.0000000000119904
MIMIC_n606,MIMIC_n606_MID_S1_B03,middle,1,0.16386774913773672,0.4311644173640814,0.13938331848808666,3.835477349082741,148.80335411908197,2.3136773009725395,0.2883084931532307,1.903938361671614,499.9999999891334,0.99999999999027
MIMIC_n606,MIMIC_n606_MID_S2_B06,middle,2,0.11729147975259785,0.3086141891580649,0.19861135455016718,5.465283506741284,381.8793211537417,5.937672052453502,0.3761713900247555,2.484169412417607,499.9999999930876,0.9999999999981783
MIMIC_n606,MIMIC_n606_END_S1_B03,end,1,0.1305374871918888,0.3434667279279829,0.3043612914820242,8.375255031086455,14.216240737471134,0.22104201678898958,0.5377561772139585,3.551246804510106,209.72607154969637,0.4194521431044275
MIMIC_n606,MIMIC_n606_END_S2_B06,end,2,0.1434757618827232,0.3775095685608954,0.286933611878795,7.895689247387812,186.51648371690806,2.9000620126323184,0.4951151300307788,3.269652861071345,499.99999994451355,0.9999999999010303
