base_patient,synthetic_id,trunc_section,trunc_set,removed_n,removed_start,removed_gap,removed_end,kept_n,loss,smape_full,rmsle_full,smape_sparse,rmsle_sparse
MIMIC_n1283,MIMIC_n1283_START_S1_B02,start,1,2,2,0,0,7,0.0010938266538029122,11.559580707837469,0.09781921889140693,2.394360060744688,0.023420680552948953
MIMIC_n1283,MIMIC_n1283_START_S2_B04,start,2,4,4,0,0,5,0.00017460311529688143,74.75513795180797,0.4823077618472463,1.119989558366499,0.009521660718614091
MIMIC_n1283,MIMIC_n1283_MID_S1_B02,middle,1,2,0,2,0,7,0.003039178871036813,4.975146066793265,0.042197956885167365,3.9049238047329675,0.03296731145267885
MIMIC_n1283,MIMIC_n1283_MID_S2_B04,middle,2,4,0,4,0,5,0.0001103085908428772,15.363174204133939,0.17373044149677663,0.9560261881924094,0.0072336427746709404
MIMIC_n1283,MIMIC_n1283_END_S1_B02,end,1,2,0,0,2,7,0.0033785250383388207,10.55701330994825,0.1099320051946243,4.947578265626668,0.03687953095441198
MIMIC_n1283,MIMIC_n1283_END_S2_B04,end,2,4,0,0,4,5,0.0027618999933240436,12.888046195018287,0.14964521460098956,3.9374471057286824,0.02970467114501479
