base_patient,synthetic_id,trunc_section,trunc_set,a,a_ratio_vs_full,b,b_ratio_vs_full,Cs0,Cs0_ratio_vs_full,Cc0,Cc0_ratio_vs_full,beta,beta_ratio_vs_full
MIMIC_n1283,MIMIC_n1283_START_S1_B02,start,1,0.23378697873589396,0.5748965587083492,0.17690086649429496,0.5349209068684625,55.673017778974035,0.5557686574015371,0.0010000000000367647,0.9999999999735776,0.09507735746304605,0.8864307718836509
MIMIC_n1283,MIMIC_n1283_START_S2_B04,start,2,9.999999990616166,24.590614981099044,0.9372609540782622,2.834132412483764,499.9999999747942,4.991364574307452,0.7071883329413007,707.1883328966155,0.42038829645952713,3.9193887174063353
MIMIC_n1283,MIMIC_n1283_MID_S1_B02,middle,1,0.3785460010466648,0.930867897310836,0.34671579491595755,1.0484150310707785,104.68552496438578,1.0450472415527097,0.0010000000027873964,1.0000000027242093,0.1132743249633335,1.0560858020362396
MIMIC_n1283,MIMIC_n1283_MID_S2_B04,middle,2,0.029664038315729085,0.0729456945691174,1.3461189951218182,4.070456001110931,499.99999981931194,4.991364572755315,23.735885905051905,23735.8859035521,0.001000000001200408,0.009323258413994739
MIMIC_n1283,MIMIC_n1283_END_S1_B02,end,1,0.029623073532888625,0.07284495964876146,0.06143120133516312,0.18575846788904407,63.29810398401608,0.6318878277251491,6.8993029927806955,6899.302992344748,0.32567367825828863,3.0363398573933584
MIMIC_n1283,MIMIC_n1283_END_S2_B04,end,2,0.029713975352787324,0.07306849281439223,0.0594622229980605,0.1798045814069716,70.46886941516479,0.703471636816166,6.805789089359,6805.789088928962,0.33708282626175035,3.142710292385456
