base_patient,synthetic_id,trunc_section,trunc_set,a,a_ratio_vs_full,b,b_ratio_vs_full,Cs0,Cs0_ratio_vs_full,Cc0,Cc0_ratio_vs_full,Td,Td_ratio_vs_full
MIMIC_n1283,MIMIC_n1283_START_S1_B02,start,1,0.02143912901803407,0.65253669182828,0.3598557008245394,5.4839566160675695,115.18525043926716,5.724030532194858,33.20782786597815,5.075334203926796,129.98130486523777,1.1414118691177493
MIMIC_n1283,MIMIC_n1283_START_S2_B04,start,2,0.017013811595838566,0.5178445600471587,0.47444290293156705,7.230187796153559,200.19776997673452,9.948653525117448,0.001005921521264163,0.0001537404952814941,114.33301930820741,1.0039987320157915
MIMIC_n1283,MIMIC_n1283_MID_S1_B02,middle,1,0.031115598930793624,0.9470566632383411,0.06198749654598531,0.94464737120441,19.060301555661677,0.9471850574737763,6.668025410742612,1.0191108426717375,116.59886479948811,1.0238959236928262
MIMIC_n1283,MIMIC_n1283_MID_S2_B04,middle,2,0.23369575494889142,7.112931439536881,0.020201136237393624,0.3078516040382335,9.827547344484111,0.4883713916659645,1.869687594871958,0.28575459494696953,32.80002361158425,0.28802862301174825
MIMIC_n1283,MIMIC_n1283_END_S1_B02,end,1,0.03073985361479188,0.9356202095807553,0.06428470568814473,0.9796552792207918,21.25290376279009,1.0561445113161612,6.792494354317532,1.0381341130043218,118.88063899122166,1.0439329909294681
MIMIC_n1283,MIMIC_n1283_END_S2_B04,end,2,0.030005702946166574,0.9132750738149645,0.05999909953442115,0.9143455504413898,499.99999998344066,24.8470637958258,6.777632730151898,1.035862729589599,411.726002508119,3.61551183513972
