mse,mae,r2,max_abs_error,formula,complexity
0.0031028040035843804,0.029463294805171923,0.9828945452992186,0.38173445432715547,t * (inv(t + ((inv(t * 2.543995882778994e-7) + -1790.9993581579217) * β)) + -4.4249743989886445e-5),18
