Complexity,Loss,Equation
1,2.4909274274040882e-5,"0.009837860117563164"
3,2.4909234074342542e-5,"0.009833246832089347 * 1.0008289730281272"
5,8.589230693965943e-6,"(β + -0.7202364295819942) * -0.017543222484424546"
6,4.241250590367754e-6,"inv(β + 0.13298058089199774) * 0.0019483296427905902"
8,4.24007321534207e-6,"inv((β + β) + 0.2626417112110261) * 0.0038623374558515366"
9,3.999063724388976e-6,"inv((inv(t_norm) * β) + 0.4079177440891622) * 0.006081737142817211"
11,3.5593015254255374e-6,"inv((β + 0.5473486295795644) + (β * inv(t_norm))) * 0.008163469745931684"
15,3.3526026298671144e-6,"inv((((inv(t_norm) * β) + (β * 2.5614213450777243)) + β) + 0.8527747986797425) * 0.012887001208471497"
