patient_id,patient_idx,param_idx,param_name,class_label,theta_hat,theta_hat_exp,threshold,left_endpoint,right_endpoint,retcode_left,retcode_right
n1000,41,1,a,Identifiable,-2.178454973718429,0.11321631776678069,3.8414588206941245,-3.054605824673946,-0.8844390026525867,identifiable,identifiable
n1000,41,2,b,Practically identifiable,-1.6202159391910496,0.19785596961227458,3.8414588206941245,NaN,-0.6938277512963171,failure,identifiable
n1000,41,3,Cs0,Identifiable,1.9924220720941104,7.33327398786876,3.8414588206941245,0.9467607260614955,2.9594028327518926,identifiable,identifiable
n1000,41,4,Cc0,Practically identifiable,0.24771176617897575,1.281090625327197,3.8414588206941245,-0.36007017352963033,NaN,identifiable,failure
n1000,41,5,beta,Identifiable,-3.32267691676757,0.03605618305051085,3.8414588206941245,-5.147354586384044,-3.023221922934509,identifiable,identifiable
