patient_id,patient_idx,param_idx,param_name,class_label,theta_hat,theta_hat_exp,threshold,left_endpoint,right_endpoint,retcode_left,retcode_right
n766,37,1,a,Practically identifiable,-1.7974230043813422,0.1657254120713065,3.8414588206941245,-3.8190750797764923,NaN,identifiable,nonidentifiable
n766,37,2,b,Unidentifiable,-1.2884984189391187,0.275684434972447,3.8414588206941245,NaN,NaN,failure,failure
n766,37,3,Cs0,Practically identifiable,3.448768549245903,31.46162500179878,3.8414588206941245,1.613273325765637,NaN,identifiable,failure
n766,37,4,Cc0,Unidentifiable,1.4313749373194382,4.184448593016244,3.8414588206941245,NaN,NaN,nonidentifiable,failure
n766,37,5,beta,Identifiable,-1.9829779503177818,0.13765868558649014,3.8414588206941245,-2.385918191502589,-1.629931393357637,identifiable,identifiable
