base_patient,synthetic_id,trunc_section,trunc_set,removed_n,removed_start,removed_gap,removed_end,kept_n,loss,smape_full,rmsle_full,smape_sparse,rmsle_sparse
MIMIC_n441,MIMIC_n441_START_S1_B04,start,1,4,4,0,0,12,0.015591494003952934,15.962050807177752,0.15262012672880004,8.689300760412145,0.10469145524537628
MIMIC_n441,MIMIC_n441_START_S2_B08,start,2,8,8,0,0,8,0.014091225337582634,72.0447625394031,0.5652234957805683,8.370983304835942,0.09994878158329333
MIMIC_n441,MIMIC_n441_MID_S1_B04,middle,1,4,0,4,0,12,0.01578049462878904,10.08515531100325,0.10651747744893136,9.652545416078988,0.10188993596513127
MIMIC_n441,MIMIC_n441_MID_S2_B08,middle,2,8,0,8,0,8,0.019069799385644452,14.54261113982866,0.15636081283845055,11.39531705815297,0.11168932058217557
MIMIC_n441,MIMIC_n441_END_S1_B04,end,1,4,0,0,4,12,0.005619136831674009,8.995049974135474,0.10187195929040045,5.942534951750012,0.05433748831447445
MIMIC_n441,MIMIC_n441_END_S2_B08,end,2,8,0,0,8,8,0.003458563793301869,17.055831570296213,0.21444533716648712,4.022808337414488,0.03651066909334997
