dataset,UB
data/UMG_NSTEMI_Dataset.xlsx,"2.302585092994046,2.302585092994046,6.214608098422191,6.214608098422191,6.214608098422191"
