Complexity,Loss,Equation
1,0.16972692733204553,"0.36936701051167176"
3,0.016012650806524493,"t_norm * 0.10013277338543543"
5,0.01585175943191656,"(t_norm * 0.10088239844046042) + -0.006328278876670998"
7,0.0156054342662979,"((β * -0.1323235798986963) + t_norm) * 0.10087624765228455"
9,0.012214482672679917,"inv(inv((t_norm * t_norm) * 0.03756428988921632) + 0.7857722157843006)"
11,0.011421089292373789,"inv((t_norm * 0.2523565859222354) + (inv(t_norm * 0.05052299275421946) + -3.3801487309664964))"
13,0.010811378873688826,"inv((t_norm * 0.17256188464575295) + (inv((t_norm * t_norm) * 0.01870996979850634) + -1.1205091318915452))"
15,0.010799019748967686,"inv(((t_norm + (inv((t_norm * 0.002710168421492901) * t_norm) + -1.7740801007010862)) + -1.795703605109441) * 0.11021950973764641)"
16,0.0052477892194333475,"inv(inv(t_norm) * ((inv(t_norm * (t_norm * 0.004427805673138382)) * (0.8753678228569091 * β)) + t_norm))"
