experiment,mean,std,q1,median,q3,iqr
MIMIC-IV ae _val,9.90327777790579,11.579681810134526,2.9149682122969605,5.407268769889909,11.772718032316227,8.857749820019267
