experiment,param,mean,std,q1,median,q3,iqr
MIMIC-IV ae _val,a,-2.3764959890853645,2.289255343639619,-3.589627571102853,-2.6360605745670496,-1.1468525190795036,2.4427750520233493
MIMIC-IV ae _val,b,-3.4779685680330688,2.091862985793526,-5.146639901250508,-2.879465665075476,-1.9906282626057252,3.156011638644783
MIMIC-IV ae _val,Cs0,0.5064961050642648,3.6051641162817067,-0.1014202010921065,1.4276049647106426,2.4419341000219057,2.5433543011140123
MIMIC-IV ae _val,Cc0,0.1936388083329937,2.6498530524475092,-1.4237060723197341,0.4157379637262073,1.7712691380970271,3.1949752104167612
MIMIC-IV ae _val,Td,4.606879158036895,1.1214495901707564,3.965601170380547,4.854413864031827,5.488846380314694,1.5232452099341471
