experiment,mean,std,q1,median,q3,iqr
MIMIC-IV ae _val,0.04963545345387966,0.08372393997121196,0.010512242176428703,0.025116215874155426,0.05840959605163443,0.047897353875205724
