patient_id,patient_idx,param_idx,param_name,class_label,theta_hat,theta_hat_exp,threshold,left_endpoint,right_endpoint,retcode_left,retcode_right
n750,5,1,a,Practically identifiable,-1.7087941559022155,0.18108402011336672,3.8414588206941245,NaN,-1.151068970826034,failure,identifiable
n750,5,2,b,Identifiable,-1.080824230595717,0.33931573594398967,3.8414588206941245,-1.6477349166397932,-0.47528374088534897,identifiable,identifiable
n750,5,3,Cs0,Practically identifiable,1.8697873866663461,6.486917047599001,3.8414588206941245,NaN,2.451171103603094,failure,identifiable
n750,5,4,Cc0,Identifiable,1.193014300292938,3.2970044054653687,3.8414588206941245,0.7200314860913059,1.8901629904640231,identifiable,identifiable
n750,5,5,beta,Practically identifiable,-4.819382382213619,0.008071770869177422,3.8414588206941245,NaN,-4.149818981058993,nonidentifiable,identifiable
