patient_id,patient_idx,param_idx,param_name,class_label,theta_hat,theta_hat_exp,threshold,left_endpoint,right_endpoint,retcode_left,retcode_right
n270,50,1,a,Practically identifiable,-3.327250732088738,0.03589164529754043,3.8414588206941245,-3.882216884754124,NaN,identifiable,failure
n270,50,2,b,Identifiable,1.162160226622243,3.196831703302789,3.8414588206941245,0.6951129968173909,1.2191600966902756,identifiable,identifiable
n270,50,3,Cs0,Practically identifiable,6.214607998422191,499.9999500000022,3.8414588206941245,5.727199768297933,NaN,identifiable,nonidentifiable
n270,50,4,Cc0,Identifiable,4.567539160799879,96.30682232584621,3.8414588206941245,3.810080323842433,5.038905124086437,identifiable,identifiable
n270,50,5,beta,Identifiable,-2.1239170688826605,0.11956237600167657,3.8414588206941245,-2.2752757183483654,-1.980429658759195,identifiable,identifiable
