patient_id,patient_idx,param_idx,param_name,class_label,theta_hat,theta_hat_exp,threshold,left_endpoint,right_endpoint,retcode_left,retcode_right
n724,40,1,a,Identifiable,0.5398052923194331,1.715672774994612,3.8414588206941245,0.3541897387527287,0.8084054967341205,identifiable,identifiable
n724,40,2,b,Unidentifiable,-4.556547444585234,0.010498242208102268,3.8414588206941245,NaN,NaN,nonidentifiable,failure
n724,40,3,Cs0,Practically identifiable,1.392033076994365,4.023020855393527,3.8414588206941245,NaN,1.8802753238684513,failure,identifiable
n724,40,4,Cc0,Identifiable,0.9464039951048484,2.5764281329324703,3.8414588206941245,0.9102233396029211,0.9826726938097441,identifiable,identifiable
n724,40,5,beta,Identifiable,-2.900083305513443,0.05501863650972915,3.8414588206941245,-3.8904610838477534,-2.3042189762157532,identifiable,identifiable
