patient_id,patient_idx,param_idx,param_name,class_label,theta_hat,theta_hat_exp,threshold,left_endpoint,right_endpoint,retcode_left,retcode_right
n377,21,1,a,Unidentifiable,1.6101896186315823,5.003759943996962,3.8414588206941245,NaN,NaN,failure,nonidentifiable
n377,21,2,b,Identifiable,-1.1150970053229294,0.32788347091486225,3.8414588206941245,-1.2813760220260504,-0.9822886980166201,identifiable,identifiable
n377,21,3,Cs0,Identifiable,4.86589671588443,129.78726875195838,3.8414588206941245,4.6986510999965985,4.995061808290396,identifiable,identifiable
n377,21,4,Cc0,Identifiable,3.74510784673105,42.313570353015464,3.8414588206941245,3.589167062702837,3.8938759718452163,identifiable,identifiable
n377,21,5,beta,Identifiable,-1.4461639379152305,0.2354718423857274,3.8414588206941245,-1.4881375645266868,-1.390234551195804,identifiable,identifiable
