base_patient,synthetic_id,trunc_section,trunc_set,removed_n,removed_start,removed_gap,removed_end,kept_n,loss,smape_full,rmsle_full,smape_sparse,rmsle_sparse
UMG_n107,UMG_n107_START_S1_B01,start,1,1,1,0,0,7,0.004903115916160147,16.522240067493314,0.02912061301538462,5.985492194339913,0.029233235651866536
UMG_n107,UMG_n107_START_S2_B03,start,2,3,3,0,0,5,0.0002876917409517733,52.97888625888129,0.2917100041150598,1.4749752177990871,0.006640240429159382
UMG_n107,UMG_n107_MID_S1_B01,middle,1,1,0,1,0,7,0.004659738571343563,5.940889303273565,0.0292800922078452,5.8696527210095475,0.02989455377949762
UMG_n107,UMG_n107_MID_S2_B03,middle,2,3,0,3,0,5,0.0025622735737039193,11.887564254271366,0.08845966899687903,3.9702013893919066,0.019914883301161767
UMG_n107,UMG_n107_END_S1_B01,end,1,1,0,0,1,7,0.0011028816388944473,5.4321263355091105,0.039904251793736356,1.964634990883073,0.01937528407282374
UMG_n107,UMG_n107_END_S2_B03,end,2,3,0,0,3,5,0.00134330141938283,34.1328704784559,0.4630635245110689,2.5510129840712485,0.02204719670002394
