base_patient,synthetic_id,trunc_section,trunc_set,removed_n,removed_start,removed_gap,removed_end,kept_n,loss,smape_full,rmsle_full,smape_sparse,rmsle_sparse
UMG_n2,UMG_n2_START_S1_B01,start,1,1,1,0,0,7,0.0034638721155064093,15.978241576557725,0.013675637698310303,5.308816001400894,0.01100407110027778
UMG_n2,UMG_n2_START_S2_B03,start,2,3,3,0,0,5,0.0009514023010206652,25.53566290787421,0.03752366070420115,2.670472872139466,0.006649469708240716
UMG_n2,UMG_n2_MID_S1_B01,middle,1,1,0,1,0,7,0.005184132690824122,6.330375027094911,0.012245984109906223,5.985181369326174,0.011128514762957958
UMG_n2,UMG_n2_MID_S2_B03,middle,2,3,0,3,0,5,0.0008311580565646505,6.951410072654463,0.015286287002531864,2.150604073822528,0.007082174350004701
UMG_n2,UMG_n2_END_S1_B01,end,1,1,0,0,1,7,0.004322940194909689,6.6726124615625215,0.017472252103612,5.168183989969705,0.008248992351730629
UMG_n2,UMG_n2_END_S2_B03,end,2,3,0,0,3,5,0.0005180775095811524,64.30241464110232,0.16187791935755372,1.9286095059975157,0.0028594597477679022
