base_patient,synthetic_id,trunc_section,trunc_set,a,a_ratio_vs_full,b,b_ratio_vs_full,Cs0,Cs0_ratio_vs_full,Cc0,Cc0_ratio_vs_full,Td,Td_ratio_vs_full
MIMIC_n766,MIMIC_n766_START_S1_B02,start,1,0.07555607642567519,1.1909710215170437,0.17442944132015858,1.3512212581841074,14.446364933368905,1.2640525391091098,6.4373907057143605,1.355648885095775,206.3717684523585,1.018861203042626
MIMIC_n766,MIMIC_n766_START_S2_B04,start,2,0.018245810053004536,0.2876040163177196,0.12584057288026948,0.9748265885102934,19.824952231087973,1.7346772922466662,0.001000000005230619,0.00021058981102129964,153.6513376345319,0.7585794698830995
MIMIC_n766,MIMIC_n766_MID_S1_B02,middle,1,0.04889340942415805,0.7706942515023562,0.1165249858517384,0.9026632018127944,10.657289457385122,0.9325095870665421,4.893890082081466,1.030603382153855,184.9527748906885,0.913115239280905
MIMIC_n766,MIMIC_n766_MID_S2_B04,middle,2,0.05261608244288899,0.8293737899012733,0.10879405958372582,0.8427754223202318,9.93410779267839,0.8692314112952673,4.563902802770272,0.9611114237277637,195.1828700317191,0.9636214064800157
MIMIC_n766,MIMIC_n766_END_S1_B02,end,1,0.06229089556880596,0.9818753836399912,0.12544125431876368,0.971733259052775,24.140242788600247,2.1122639039220577,4.691514739790816,0.9879851972884156,283.21340021427244,1.3982297473344572
MIMIC_n766,MIMIC_n766_END_S2_B04,end,2,0.06225816755885885,0.981359500427378,0.1245110593765978,0.9645274847832646,113.88845725355999,9.965205380770483,4.675265000078645,0.9845631676911836,499.99999968980444,2.468509162012004
