patient_id,patient_idx,param_idx,param_name,class_label,theta_hat,theta_hat_exp,threshold,left_endpoint,right_endpoint,retcode_left,retcode_right
n916,16,1,a,Unidentifiable,2.302584992994046,9.999999000000054,3.8414588206941245,NaN,NaN,failure,nonidentifiable
n916,16,2,b,Identifiable,-2.5099160165533445,0.08127506471433614,3.8414588206941245,-2.659811039319498,-2.132252444806489,identifiable,identifiable
n916,16,3,Cs0,Identifiable,0.17411937144799738,1.1901976329556632,3.8414588206941245,0.005411696611300514,0.3339809043712793,identifiable,identifiable
n916,16,4,Cc0,Identifiable,0.026862400506855393,1.027226447200006,3.8414588206941245,-0.11697791664822293,0.1734726382184373,identifiable,identifiable
n916,16,5,Td,Practically identifiable,5.519693439947718,249.55852078867682,3.8414588206941245,5.331732786880214,NaN,identifiable,nonidentifiable
