patient_id,patient_idx,param_idx,param_name,class_label,theta_hat,theta_hat_exp,threshold,left_endpoint,right_endpoint,retcode_left,retcode_right
n195,32,1,a,Identifiable,-3.2884558702354942,0.037311418609640205,3.8414588206941245,-3.6763594628555816,-3.019780866661308,identifiable,identifiable
n195,32,2,b,Practically identifiable,-6.9077551789821365,0.0010000001000000055,3.8414588206941245,NaN,-5.039924241291779,nonidentifiable,identifiable
n195,32,3,Cs0,Identifiable,1.2172495056805213,3.3778840936707573,3.8414588206941245,1.1712245284013045,1.452043067869993,identifiable,identifiable
n195,32,4,Cc0,Identifiable,-2.599754401533844,0.07429182193144201,3.8414588206941245,-2.7432713439700582,-2.2991314767827205,identifiable,identifiable
n195,32,5,Td,Practically identifiable,5.683648829429693,294.02030495590054,3.8414588206941245,5.558602466153939,NaN,identifiable,nonidentifiable
