patient_id,patient_idx,param_idx,param_name,class_label,theta_hat,theta_hat_exp,threshold,left_endpoint,right_endpoint,retcode_left,retcode_right
n94,26,1,a,Identifiable,-2.0173616695716383,0.13300591612968035,3.8414588206941245,-2.650821981622512,-1.3670353829574748,identifiable,identifiable
n94,26,2,b,Practically identifiable,-2.991312749550761,0.050221465225125654,3.8414588206941245,-3.3171322253950617,NaN,identifiable,failure
n94,26,3,Cs0,Identifiable,-0.3459354930549768,0.7075581280476737,3.8414588206941245,-0.7296169056423795,0.1410482173471355,identifiable,identifiable
n94,26,4,Cc0,Identifiable,-0.32578098986893705,0.7219632873925318,3.8414588206941245,-0.5056946118595195,0.00936913144782616,identifiable,identifiable
n94,26,5,Td,Practically identifiable,5.284712621046873,197.2974761581538,3.8414588206941245,4.528939355335543,NaN,identifiable,nonidentifiable
