patient_id,patient_idx,param_idx,param_name,class_label,theta_hat,theta_hat_exp,threshold,left_endpoint,right_endpoint,retcode_left,retcode_right
n54,22,1,a,Practically identifiable,-0.9250711874039221,0.396503192037412,3.8414588206941245,-3.1487579111390476,NaN,identifiable,nonidentifiable
n54,22,2,b,Practically identifiable,-6.9077551789821365,0.0010000001000000055,3.8414588206941245,NaN,-4.510849632145018,failure,identifiable
n54,22,3,Cs0,Identifiable,2.876525712007724,17.752488654977576,3.8414588206941245,2.6285075720655167,3.290785065858901,identifiable,identifiable
n54,22,4,Cc0,Practically identifiable,-0.1910099771339739,0.8261243457567995,3.8414588206941245,-0.3522580155265474,NaN,identifiable,failure
n54,22,5,Td,Identifiable,5.081492156561718,161.0141350643988,3.8414588206941245,4.834973271487196,5.217638670100957,identifiable,identifiable
