base_patient,synthetic_id,trunc_section,trunc_set,removed_n,removed_start,removed_gap,removed_end,kept_n,loss,smape_full,rmsle_full,smape_sparse,rmsle_sparse
UMG_n2,UMG_n2_START_S1_B01,start,1,1,1,0,0,7,0.0034638715345647548,15.977528284672745,0.013675063589843366,5.30806098454818,0.011003282932876902
UMG_n2,UMG_n2_START_S2_B03,start,2,3,3,0,0,5,0.0009514009782718699,25.53555814185944,0.03752368466115791,2.6702823239766604,0.006649391500159486
UMG_n2,UMG_n2_MID_S1_B01,middle,1,1,0,1,0,7,0.005184132690511041,6.330374864173856,0.012245984007804635,5.985181179986734,0.011128514623414179
UMG_n2,UMG_n2_MID_S2_B03,middle,2,3,0,3,0,5,0.0008311580566480225,6.951409842030834,0.015286286397539121,2.1506042034421866,0.007082174434559086
UMG_n2,UMG_n2_END_S1_B01,end,1,1,0,0,1,7,0.004322940201030288,6.67261247584276,0.01747225217423651,5.168183994826203,0.00824899237317126
UMG_n2,UMG_n2_END_S2_B03,end,2,3,0,0,3,5,0.0005161772510062593,64.64390856000142,0.16235391194368776,1.9155745521048226,0.0028510709424449288
