experiment,mean,std,q1,median,q3,iqr
UMG ae,12.634410366414663,8.45571151004072,6.046514295818091,10.660667489204483,16.609409323074537,10.562895027256445
