experiment,mean,std,q1,median,q3,iqr
UMG ae,0.050434051265950686,0.0531012198141971,0.015854406767871258,0.02915500701508085,0.07338825934617793,0.05753385257830668
