base_patient,removed_n_mean,smape_full_median,rmsle_full_median,loss_median
MIMIC_n441,6.0,8.514256795370255,0.09567477499086198,0.014871118609950393
MIMIC_n606,4.5,67.86522414131959,0.8817765163656355,0.35974807208079984
MIMIC_n766,3.0,14.439749646138681,0.09011779597798159,0.010480643711845528
MIMIC_n1250,2.0,11.521557588816933,0.04225200122303107,0.0034014714708025503
MIMIC_n1283,3.0,12.224748715214934,0.12978451617553843,0.0019278633326103504
UMG_n2,2.0,9.84789045704179,0.017362609740863635,0.0018786089483179566
UMG_n107,2.0,9.507868248457648,0.038638848108369296,0.0006046311341526942
