trunc_section,smape_full_median,rmsle_full_median,loss_median
start,33.22119189009534,0.24204940334671918,0.0032257905902140253
middle,9.481555180754889,0.0838093183463231,0.0040990336957413154
end,11.722887617768967,0.08785651492756708,0.0034893639875049525
