base_patient,synthetic_id,trunc_section,trunc_set,removed_n,removed_start,removed_gap,removed_end,kept_n,loss,smape_full,rmsle_full,smape_sparse,rmsle_sparse
MIMIC_n766,MIMIC_n766_START_S1_B02,start,1,2,2,0,0,8,0.022476775092312863,14.20041105929938,0.07732134012064151,11.83923648255982,0.05174131420512832
MIMIC_n766,MIMIC_n766_START_S2_B04,start,2,4,4,0,0,6,0.004566837154422716,77.10781316440946,0.359456680635527,5.835382446500618,0.02554738466354213
MIMIC_n766,MIMIC_n766_MID_S1_B02,middle,1,2,0,2,0,8,0.009132456613901814,11.165837775630585,0.06523135199411052,7.554387383545841,0.045180003646297894
MIMIC_n766,MIMIC_n766_MID_S2_B04,middle,2,4,0,4,0,6,0.010937657571636181,11.468149010559392,0.06220746460234121,8.321360182819095,0.04957781571307615
MIMIC_n766,MIMIC_n766_END_S1_B02,end,1,2,0,0,2,8,0.029453358673310236,22.488286063240114,0.14941371392425698,15.216658691370387,0.06622024938667093
MIMIC_n766,MIMIC_n766_END_S2_B04,end,2,4,0,0,4,6,0.033578169601991364,29.145973628323603,0.2767037768777654,16.66801192318946,0.070155585336347
